contract,token_name,date,kols,call_price,ath_price,roi_percent,is_2x_plus,is_5x_plus,text
,,2025-05-22T05:37:23+00:00,vortex_gamble,193000.0,3900000.0,,True,True,"ğŸŸ£ Achievement Unlocked: x20! ğŸ¤˜

@Vortex_Gamble made a x20+ call on unstable coin. 

$193K -> $3.9M

ğŸ‘View Call ğŸ“ŠView Stats

ğŸ”¥ TRENDING #2ğŸ”¸
USD1DOGE - Strongest community on tg"
,,2025-05-22T05:37:13+00:00,milagrosdegencalls,75000.0,328000.0,,True,False,"ğŸŸ£ Achievement Unlocked: x4! ğŸ––

@Milagrosdegencalls made a x4+ call on I am Him . 

$75K -> $328K

ğŸ‘View Call ğŸ“ŠView Stats

ğŸ”¥ TRENDING #1ğŸ”¸
MERL - Green dildo incoming"
,,2025-05-22T05:37:13+00:00,manifestingriches,65000.0,328000.0,,True,True,"ğŸŸ£ Achievement Unlocked: x5! ğŸ‘‹

@manifestingriches made a x5+ call on I am Him . 

$65K -> $328K

ğŸ‘View Call ğŸ“ŠView Stats

ğŸ”¥ TRENDING #2ğŸª™
LC SHIB - SHIB-born. Solana-bred. $LC leads."
,,2025-05-22T05:37:13+00:00,sirwilliams_call,46000.0,328000.0,,True,True,"ğŸŸ£ Achievement Unlocked: x7! 

@SirWilliams_Call made a x7+ call on I am Him . 

$46K -> $328K

ğŸ‘View Call ğŸ“ŠView Stats

ğŸ”¥ TRENDING #1ğŸª™
BOTIFY - Botify - no code platform"
,,2025-05-22T05:37:13+00:00,jacob1_community,62000.0,328000.0,,True,True,"ğŸŸ£ Achievement Unlocked: x5! ğŸ‘‹

@jacob1_community made a x5+ call on I am Him . 

$62K -> $328K

ğŸ‘View Call ğŸ“ŠView Stats

ğŸ”¥ TRENDING #2ğŸ”µ
Sui (Universa... - Most hype coin around!"
,,2025-05-22T05:37:13+00:00,poseidon_degen_calls,54000.0,328000.0,,True,True,"ğŸŸ£ Achievement Unlocked: x6! 

@POSEIDON_DEGEN_CALLS made a x6+ call on I am Him . 

$54K -> $328K

ğŸ‘View Call ğŸ“ŠView Stats

ğŸ”ŠAd - $YIELTRA
ğŸ”¥ Real passive income with $Yieltra"
,,2025-05-22T05:37:08+00:00,vortex_gamble,59000.0,297000.0,,True,True,"ğŸŸ£ Achievement Unlocked: x5! ğŸ‘‹

@Vortex_Gamble made a x5+ call on I am Him . 

$59K -> $297K

ğŸ‘View Call ğŸ“ŠView Stats

ğŸ”¥ TRENDING #1ğŸ”µ
DINO - Generational wealth? Join here"
,,2025-05-22T05:37:02+00:00,gm_degencalls,96000.0,289000.0,,True,False,"ğŸŸ£ Achievement Unlocked: x3! ğŸ¤Ÿ

@GM_Degencalls made a x3+ call on I am Him . 

$96K -> $289K

ğŸ‘View Call ğŸ“ŠView Stats

ğŸ”ŠAd - BabyDog
The bona fide celebrity dog!"
,,2025-05-22T05:36:13+00:00,nikola_calls,56000.0,281000.0,,True,True,"ğŸŸ£ Achievement Unlocked: x5! ğŸ‘‹

@NIKOLA_CALLS made a x5+ call on I am Him . 

$56K -> $281K

ğŸ‘View Call ğŸ“ŠView Stats

ğŸ”¥ TRENDING #1ğŸ”¹
Boochie by Ma... - Matt Furieâ€™s PFP"
,,2025-05-22T05:36:13+00:00,sirwilliams_call,46000.0,281000.0,,True,True,"ğŸŸ£ Achievement Unlocked: x6! 

@SirWilliams_Call made a x6+ call on I am Him . 

$46K -> $281K

ğŸ‘View Call ğŸ“ŠView Stats

ğŸ”ŠAd - Boochie
The next pepe"
,,2025-05-22T05:36:03+00:00,ohmyjackccs,69000.0,278000.0,,True,False,"ğŸŸ£ Achievement Unlocked: x4! ğŸ––

@OhMyJackCCS made a x4+ call on I am Him . 

$69K -> $278K

ğŸ‘View Call ğŸ“ŠView Stats

ğŸ”¥ TRENDING #2ğŸ”¸
USD1DOGE - Strongest community on tg"
,,2025-05-22T05:36:02+00:00,poseidon_degen_calls,54000.0,278000.0,,True,True,"ğŸŸ£ Achievement Unlocked: x5! ğŸ‘‹

@POSEIDON_DEGEN_CALLS made a x5+ call on I am Him . 

$54K -> $278K

ğŸ‘View Call ğŸ“ŠView Stats

ğŸ”ŠAd - Boochie by Matt Furie
From Matt's book the Cortex Vortex"
,,2025-05-22T05:35:58+00:00,evilozcalls,129000.0,270000.0,,True,False,"ğŸŸ£ Achievement Unlocked: x2! âœŒï¸

@EvilozCalls made a x2+ call on I am Him . 

$129K -> $270K

ğŸ‘View Call ğŸ“ŠView Stats

ğŸ”¥ TRENDING #1ğŸ”¸
MERL - Green dildo incoming"
,,2025-05-22T05:35:57+00:00,manifestingriches,65000.0,270000.0,,True,False,"ğŸŸ£ Achievement Unlocked: x4! ğŸ––

@manifestingriches made a x4+ call on I am Him . 

$65K -> $270K

ğŸ‘View Call ğŸ“ŠView Stats

ğŸ”ŠAd - $YIELTRA
ğŸ”¥ Real passive income with $Yieltra"
,,2025-05-22T05:35:53+00:00,jacob1_community,62000.0,252000.0,,True,False,"ğŸŸ£ Achievement Unlocked: x4! ğŸ––

@jacob1_community made a x4+ call on I am Him . 

$62K -> $252K

ğŸ‘View Call ğŸ“ŠView Stats

ğŸ”¥ TRENDING #2ğŸª™
LC SHIB - SHIB-born. Solana-bred. $LC leads."
,,2025-05-22T05:34:03+00:00,shitcoinneverland,25000.0,199000.0,,True,True,"ğŸŸ£ Achievement Unlocked: x8! 

@ShitcoinNeverland made a x8+ call on Elias Rodriguez. 

$25K -> $199K

ğŸ‘View Call ğŸ“ŠView Stats

ğŸ”¥ TRENDING #1ğŸª™
BOTIFY - Botify - no code platform"
,,2025-05-22T05:34:02+00:00,kariusgemscalls,63000.0,199000.0,,True,False,"ğŸŸ£ Achievement Unlocked: x3! ğŸ¤Ÿ

@kariusgemscalls made a x3+ call on Elias Rodriguez. 

$63K -> $199K

ğŸ‘View Call ğŸ“ŠView Stats

ğŸ”¥ TRENDING #2ğŸ”µ
Sui (Universa... - Most hype coin around!"
,,2025-05-22T05:32:57+00:00,mitchgemsgambles,95000.0,867000.0,,True,True,"ğŸŸ£ Achievement Unlocked: x9! 

@MitchGemsGambles made a x9+ call on MUT8 Virus. 

$95K -> $867K

ğŸ‘View Call ğŸ“ŠView Stats

ğŸ”ŠAd - BabyDog
The bona fide celebrity dog!"
,,2025-05-22T05:31:13+00:00,vortex_gamble,59000.0,235000.0,,True,False,"ğŸŸ£ Achievement Unlocked: x4! ğŸ––

@Vortex_Gamble made a x4+ call on I am Him . 

$59K -> $235K

ğŸ‘View Call ğŸ“ŠView Stats

ğŸ”ŠAd - The Citadel
Citadel: Telegram's top AI community, launching projects to benef"
,,2025-05-22T05:24:58+00:00,kradscalls,89000.0,181000.0,,True,False,"ğŸŸ£ Achievement Unlocked: x2! âœŒï¸

@KradsCalls made a x2+ call on Elias Rodriguez. 

$89K -> $181K

ğŸ‘View Call ğŸ“ŠView Stats

ğŸ”¥ TRENDING #2ğŸ”¹
Blue Anteater... - Blue Anteater Gal By Matt Furies"
,,2025-05-22T05:24:52+00:00,shitcoinneverland,25000.0,174000.0,,True,True,"ğŸŸ£ Achievement Unlocked: x7! 

@ShitcoinNeverland made a x7+ call on Elias Rodriguez. 

$25K -> $174K

ğŸ‘View Call ğŸ“ŠView Stats

ğŸ”ŠAd - Boochie
The next pepe"
,,2025-05-22T05:24:41+00:00,topgcalls,122000.0,249000.0,,True,False,"ğŸ”¹ Achievement Unlocked: x2! âœŒï¸

@topgcalls made a x2+ call on Moose. 

$122K -> $249K

ğŸ‘View Call ğŸ“ŠView Stats

ğŸ”¥ TRENDING #1ğŸ”¹
Boochie by Ma... - Matt Furieâ€™s PFP"
,,2025-05-22T05:15:33+00:00,sirwilliams_call,46000.0,234000.0,,True,True,"ğŸŸ£ Achievement Unlocked: x5! ğŸ‘‹

@SirWilliams_Call made a x5+ call on I am Him . 

$46K -> $234K

ğŸ‘View Call ğŸ“ŠView Stats

ğŸ”ŠAd - Boochie by Matt Furie
From Matt's book the Cortex Vortex"
,,2025-05-22T05:13:43+00:00,shitcoinneverland,25000.0,149000.0,,True,True,"ğŸŸ£ Achievement Unlocked: x6! 

@ShitcoinNeverland made a x6+ call on Elias Rodriguez. 

$25K -> $149K

ğŸ‘View Call ğŸ“ŠView Stats

ğŸ”¥ TRENDING #2ğŸ”¸
USD1DOGE - Strongest community on tg"
,,2025-05-22T05:13:38+00:00,kariusgemscalls,63000.0,132000.0,,True,False,"ğŸŸ£ Achievement Unlocked: x2! âœŒï¸

@kariusgemscalls made a x2+ call on Elias Rodriguez. 

$63K -> $132K

ğŸ‘View Call ğŸ“ŠView Stats

ğŸ”¥ TRENDING #1ğŸ”¸
MERL - Green dildo incoming"
,,2025-05-22T05:13:38+00:00,shitcoinneverland,25000.0,132000.0,,True,True,"ğŸŸ£ Achievement Unlocked: x5! ğŸ‘‹

@ShitcoinNeverland made a x5+ call on Elias Rodriguez. 

$25K -> $132K

ğŸ‘View Call ğŸ“ŠView Stats

ğŸ”¥ TRENDING #2ğŸª™
LC SHIB - SHIB-born. Solana-bred. $LC leads."
,,2025-05-22T05:12:29+00:00,jyue_secretbase,506000.0,2600000.0,,True,True,"ğŸ”¹ Achievement Unlocked: x5! ğŸ‘‹

@Jyue_secretbase made a x5+ call on Eagle. 

$506K -> $2.6M

ğŸ‘View Call ğŸ“ŠView Stats

ğŸ”¥ TRENDING #1ğŸ”µ
DINO - Generational wealth? Join here"
,,2025-05-22T05:11:20+00:00,liltoshigems,757000.0,2300000.0,,True,False,"ğŸ”¹ Achievement Unlocked: x3! ğŸ¤Ÿ

@Liltoshigems made a x3+ call on Eagle. 

$757K -> $2.3M

ğŸ‘View Call ğŸ“ŠView Stats

ğŸ”¥ TRENDING #2ğŸ”¹
Moses Pepe - Posted by matt Furie on X"
,,2025-05-22T05:09:52+00:00,manifestingriches,65000.0,196000.0,,True,False,"ğŸŸ£ Achievement Unlocked: x3! ğŸ¤Ÿ

@manifestingriches made a x3+ call on I am Him . 

$65K -> $196K

ğŸ‘View Call ğŸ“ŠView Stats

ğŸ”ŠAd - The Citadel
Citadel: Telegram's top AI community, launching projects to b"
,,2025-05-22T05:09:22+00:00,shitcoinneverland,25000.0,101000.0,,True,False,"ğŸŸ£ Achievement Unlocked: x4! ğŸ––

@ShitcoinNeverland made a x4+ call on Elias Rodriguez. 

$25K -> $101K

ğŸ‘View Call ğŸ“ŠView Stats

ğŸ”¥ TRENDING #1ğŸ”¹
Blue Anteater... - Blue Anteater Gal By Matt Furies"
,,2025-05-22T05:08:18+00:00,hellsinggamble,89000.0,2000000.0,,True,True,"ğŸ”¸ Achievement Unlocked: x20! ğŸ¤˜

@HellsingGamble made a x20+ call on USD1DOGE. 

$89K -> $2M

ğŸ‘View Call ğŸ“ŠView Stats

ğŸ”¥ TRENDING #2ğŸ”¸
USD1DOGE - Strongest community on tg"
,,2025-05-22T05:08:18+00:00,jeetycall,89000.0,2000000.0,,True,True,"ğŸ”¸ Achievement Unlocked: x20! ğŸ¤˜

@JeetyCall made a x20+ call on USD1DOGE. 

$89K -> $2M

ğŸ‘View Call ğŸ“ŠView Stats

ğŸ”¥ TRENDING #2ğŸª™
LC SHIB - SHIB-born. Solana-bred. $LC leads."
,,2025-05-22T05:08:18+00:00,sharoongambles,382000.0,2000000.0,,True,True,"ğŸ”¸ Achievement Unlocked: x5! ğŸ‘‹

@sharoongambles made a x5+ call on USD1DOGE. 

$382K -> $2M

ğŸ‘View Call ğŸ“ŠView Stats

ğŸ”¥ TRENDING #1ğŸª™
BOTIFY - Botify - no code platform"
,,2025-05-22T05:06:42+00:00,jyue_secretbase,506000.0,2200000.0,,True,False,"ğŸ”¹ Achievement Unlocked: x4! ğŸ––

@Jyue_secretbase made a x4+ call on Eagle. 

$506K -> $2.2M

ğŸ‘View Call ğŸ“ŠView Stats

ğŸ”ŠAd - Boochie
The next pepe"
,,2025-05-22T05:06:06+00:00,altcoinadventures,300000.0,906000.0,,True,False,"ğŸ”¹ Achievement Unlocked: x3! ğŸ¤Ÿ

@AltcoinAdventures made a x3+ call on Island Frogette. 

$300K -> $906K

ğŸ‘View Call ğŸ“ŠView Stats

ğŸ”¥ TRENDING #1ğŸ”¹
Blue Anteater... - Blue Anteater Gal By Matt Furies"
,,2025-05-22T05:06:06+00:00,casgems,300000.0,906000.0,,True,False,"ğŸ”¹ Achievement Unlocked: x3! ğŸ¤Ÿ

@casgems made a x3+ call on Island Frogette. 

$300K -> $906K

ğŸ‘View Call ğŸ“ŠView Stats

ğŸ”¥ TRENDING #2ğŸ”¸
USD1DOGE - Strongest community on tg"
,,2025-05-22T05:06:05+00:00,mrstealthgems,300000.0,906000.0,,True,False,"ğŸ”¹ Achievement Unlocked: x3! ğŸ¤Ÿ

@MrStealthGems made a x3+ call on Island Frogette. 

$300K -> $906K

ğŸ‘View Call ğŸ“ŠView Stats

ğŸ”¥ TRENDING #2ğŸª™
LC SHIB - SHIB-born. Solana-bred. $LC leads."
,,2025-05-22T05:06:05+00:00,iloverugging,427000.0,906000.0,,True,False,"ğŸ”¹ Achievement Unlocked: x2! âœŒï¸

@iloverugging made a x2+ call on Island Frogette. 

$427K -> $906K

ğŸ‘View Call ğŸ“ŠView Stats

ğŸ”¥ TRENDING #1ğŸ”¸
MERL - Green dildo incoming"
,,2025-05-22T05:06:05+00:00,itachi_calls,434000.0,906000.0,,True,False,"ğŸ”¹ Achievement Unlocked: x2! âœŒï¸

@itachi_calls made a x2+ call on Island Frogette. 

$434K -> $906K

ğŸ‘View Call ğŸ“ŠView Stats

ğŸ”ŠAd - Boochie by Matt Furie
From Matt's book the Cortex Vortex"
,,2025-05-22T05:00:38+00:00,thomassafucall,30000.0,216000.0,,True,True,"ğŸŸ£ Achievement Unlocked: x7! 

@ThomasSafuCall made a x7+ call on VALCOIN. 

$30K -> $216K

ğŸ‘View Call ğŸ“ŠView Stats

ğŸ”¥ TRENDING #1ğŸ”µ
DINO - Generational wealth? Join here"
,,2025-05-22T05:00:38+00:00,dextradegems,34000.0,216000.0,,True,True,"ğŸŸ£ Achievement Unlocked: x6! 

@dextradegems made a x6+ call on VALCOIN. 

$34K -> $216K

ğŸ‘View Call ğŸ“ŠView Stats

ğŸ”¥ TRENDING #2ğŸ”µ
Sui (Universa... - Most hype coin around!"
,,2025-05-22T04:59:53+00:00,millionsgems,418000.0,838000.0,,True,False,"ğŸ”¹ Achievement Unlocked: x2! âœŒï¸

@millionsgems made a x2+ call on Island Frogette. 

$418K -> $838K

ğŸ‘View Call ğŸ“ŠView Stats

ğŸ”¥ TRENDING #2ğŸ”¹
Moses Pepe - Posted by matt Furie on X"
,,2025-05-22T04:55:53+00:00,chinapumpcommunity,28000.0,224000.0,,True,True,"ğŸŸ£ Achievement Unlocked: x8! 

@ChinaPumpCommunity made a x8+ call on Tag . 

$28K -> $224K

ğŸ‘View Call ğŸ“ŠView Stats

ğŸ”ŠAd - BabyDog
The bona fide celebrity dog!"
,,2025-05-22T04:55:48+00:00,sharoongambles,382000.0,1500000.0,,True,False,"ğŸ”¸ Achievement Unlocked: x4! ğŸ––

@sharoongambles made a x4+ call on USD1DOGE. 

$382K -> $1.5M

ğŸ‘View Call ğŸ“ŠView Stats

ğŸ”¥ TRENDING #1ğŸ”¹
Blue Anteater... - Blue Anteater Gal By Matt Furies"
,,2025-05-22T04:55:43+00:00,dextradegems,93000.0,198000.0,,True,False,"ğŸŸ£ Achievement Unlocked: x2! âœŒï¸

@dextradegems made a x2+ call on Alice. 

$93K -> $198K

ğŸ‘View Call ğŸ“ŠView Stats

ğŸ”ŠAd - The Citadel
Citadel: Telegram's top AI community, launching projects to benefit a"
,,2025-05-22T04:55:17+00:00,delai001,35000.0,233000.0,,True,True,"ğŸ”¸ Achievement Unlocked: x6! 

@delai001 made a x6+ call on Ryan. 

$35K -> $233K

ğŸ‘View Call ğŸ“ŠView Stats

ğŸ”¥ TRENDING #2ğŸ”¸
USD1DOGE - Strongest community on tg"
,,2025-05-22T04:54:55+00:00,delai001,35000.0,191000.0,,True,True,"ğŸ”¸ Achievement Unlocked: x5! ğŸ‘‹

@delai001 made a x5+ call on Ryan. 

$35K -> $191K

ğŸ‘View Call ğŸ“ŠView Stats

ğŸ”ŠAd - Boochie
The next pepe"
,,2025-05-22T04:54:51+00:00,delai001,35000.0,166000.0,,True,False,"ğŸ”¸ Achievement Unlocked: x4! ğŸ––

@delai001 made a x4+ call on Ryan. 

$35K -> $166K

ğŸ‘View Call ğŸ“ŠView Stats

ğŸ”¥ TRENDING #1ğŸ”¸
MERL - Green dildo incoming"
,,2025-05-22T04:54:33+00:00,delai001,35000.0,106000.0,,True,False,"ğŸ”¸ Achievement Unlocked: x3! ğŸ¤Ÿ

@delai001 made a x3+ call on Ryan. 

$35K -> $106K

ğŸ‘View Call ğŸ“ŠView Stats

ğŸ”¥ TRENDING #1ğŸª™
BOTIFY - Botify - no code platform"
,,2025-05-22T04:54:02+00:00,chinapumpcommunity,28000.0,205000.0,,True,True,"ğŸŸ£ Achievement Unlocked: x7! 

@ChinaPumpCommunity made a x7+ call on Tag . 

$28K -> $205K

ğŸ‘View Call ğŸ“ŠView Stats

ğŸ”ŠAd - Boochie by Matt Furie
From Matt's book the Cortex Vortex"
,,2025-05-22T04:53:53+00:00,chinapumpcommunity,28000.0,177000.0,,True,True,"ğŸŸ£ Achievement Unlocked: x6! 

@ChinaPumpCommunity made a x6+ call on Tag . 

$28K -> $177K

ğŸ‘View Call ğŸ“ŠView Stats

ğŸ”¥ TRENDING #2ğŸ”µ
Sui (Universa... - Most hype coin around!"
,,2025-05-22T04:53:32+00:00,gemsmineeth,341000.0,1100000.0,,True,False,"ğŸŸ£ Achievement Unlocked: x3! ğŸ¤Ÿ

@GemsmineEth made a x3+ call on Bitcoin Bob. 

$341K -> $1.1M

ğŸ‘View Call ğŸ“ŠView Stats

ğŸ”ŠAd - $YIELTRA
ğŸ”¥ Real passive income with $Yieltra"
,,2025-05-22T04:52:33+00:00,mattfuriecalls1,234000.0,1000000.0,,True,False,"ğŸŸ£ Achievement Unlocked: x4! ğŸ––

@mattfuriecalls1 made a x4+ call on Bitcoin Bob. 

$234K -> $1M

ğŸ‘View Call ğŸ“ŠView Stats

ğŸ”¥ TRENDING #1ğŸ”µ
DINO - Generational wealth? Join here"
,,2025-05-22T04:52:33+00:00,mrbigbagcalls,32000.0,1000000.0,,True,True,"ğŸŸ£ Achievement Unlocked: x30! 

@Mrbigbagcalls made a x30+ call on Bitcoin Bob. 

$32K -> $1M

ğŸ‘View Call ğŸ“ŠView Stats

ğŸ”ŠAd - BabyDog
The bona fide celebrity dog!"
,,2025-05-22T04:52:03+00:00,thomassafucall,30000.0,155000.0,,True,True,"ğŸŸ£ Achievement Unlocked: x5! ğŸ‘‹

@ThomasSafuCall made a x5+ call on VALCOIN. 

$30K -> $155K

ğŸ‘View Call ğŸ“ŠView Stats

ğŸ”¥ TRENDING #2ğŸ”¹
Moses Pepe - Posted by matt Furie on X"
,,2025-05-22T04:51:43+00:00,dextradegems,34000.0,142000.0,,True,False,"ğŸŸ£ Achievement Unlocked: x4! ğŸ––

@dextradegems made a x4+ call on VALCOIN. 

$34K -> $142K

ğŸ‘View Call ğŸ“ŠView Stats

ğŸ”ŠAd - The Citadel
Citadel: Telegram's top AI community, launching projects to benefit "
,,2025-05-22T04:50:17+00:00,metacaller,73000.0,151000.0,,True,False,"ğŸ”¹ Achievement Unlocked: x2! âœŒï¸

@metacaller made a x2+ call on Blue Anteater G.... 

$73K -> $151K

ğŸ‘View Call ğŸ“ŠView Stats

ğŸ”¥ TRENDING #1ğŸ”¹
Blue Anteater... - Blue Anteater Gal By Matt Furies"
,,2025-05-22T04:49:20+00:00,jeetycall,89000.0,1400000.0,,True,True,"ğŸ”¸ Achievement Unlocked: x15! 

@JeetyCall made a x15+ call on USD1DOGE. 

$89K -> $1.4M

ğŸ‘View Call ğŸ“ŠView Stats

ğŸ”¥ TRENDING #2ğŸ”¸
USD1DOGE - Strongest community on tg"
,,2025-05-22T04:49:19+00:00,hellsinggamble,89000.0,1400000.0,,True,True,"ğŸ”¸ Achievement Unlocked: x15! 

@HellsingGamble made a x15+ call on USD1DOGE. 

$89K -> $1.4M

ğŸ‘View Call ğŸ“ŠView Stats

ğŸ”ŠAd - Boochie by Matt Furie
From Matt's book the Cortex Vortex"
,,2025-05-22T04:49:08+00:00,defiwhaletalk,72000.0,146000.0,,True,False,"ğŸ”¹ Achievement Unlocked: Back with a bang! ğŸ’¥

After a few days of no calls, @DefiWhaleTalk made a x2+ call on Blue Anteater G.... 

$72K -> $146K

ğŸ‘View Call ğŸ“ŠView Stats

ğŸ”¥ TRENDING #1ğŸª™
BOTIFY - Botify"
,,2025-05-22T04:49:08+00:00,fomoapes,72000.0,146000.0,,True,False,"ğŸ”¹ Achievement Unlocked: x2! âœŒï¸

@FOMOApes made a x2+ call on Blue Anteater G.... 

$72K -> $146K

ğŸ‘View Call ğŸ“ŠView Stats

ğŸ”¥ TRENDING #2ğŸª™
LC SHIB - SHIB-born. Solana-bred. $LC leads."
,,2025-05-22T04:49:07+00:00,maestrosdegen,70000.0,146000.0,,True,False,"ğŸ”¹ Achievement Unlocked: x2! âœŒï¸

@Maestrosdegen made a x2+ call on Blue Anteater G.... 

$70K -> $146K

ğŸ‘View Call ğŸ“ŠView Stats

ğŸ”¥ TRENDING #2ğŸ”µ
Sui (Universa... - Most hype coin around!"
,,2025-05-22T04:49:07+00:00,defiwhaletalk,72000.0,146000.0,,True,False,"ğŸ”¹ Achievement Unlocked: x2! âœŒï¸

@DefiWhaleTalk made a x2+ call on Blue Anteater G.... 

$72K -> $146K

ğŸ‘View Call ğŸ“ŠView Stats

ğŸ”¥ TRENDING #2ğŸ”¹
Moses Pepe - Posted by matt Furie on X"
,,2025-05-22T04:48:28+00:00,manifestingriches,65000.0,130000.0,,True,False,"ğŸŸ£ Achievement Unlocked: x2! âœŒï¸

@manifestingriches made a x2+ call on I am Him . 

$65K -> $130K

ğŸ‘View Call ğŸ“ŠView Stats

ğŸ”ŠAd - BabyDog
The bona fide celebrity dog!"
,,2025-05-22T04:44:28+00:00,chinapumpcommunity,28000.0,142000.0,,True,True,"ğŸŸ£ Achievement Unlocked: x5! ğŸ‘‹

@ChinaPumpCommunity made a x5+ call on Tag . 

$28K -> $142K

ğŸ‘View Call ğŸ“ŠView Stats

ğŸ”ŠAd - The Citadel
Citadel: Telegram's top AI community, launching projects to benef"
,,2025-05-22T04:43:53+00:00,mattfuriecalls1,234000.0,755000.0,,True,False,"ğŸŸ£ Achievement Unlocked: x3! ğŸ¤Ÿ

@mattfuriecalls1 made a x3+ call on Bitcoin Bob. 

$234K -> $755K

ğŸ‘View Call ğŸ“ŠView Stats

ğŸ”¥ TRENDING #2ğŸ”¸
USD1DOGE - Strongest community on tg"
,,2025-05-22T04:43:53+00:00,gemsmineeth,341000.0,755000.0,,True,False,"ğŸŸ£ Achievement Unlocked: x2! âœŒï¸

@GemsmineEth made a x2+ call on Bitcoin Bob. 

$341K -> $755K

ğŸ‘View Call ğŸ“ŠView Stats

ğŸ”ŠAd - Boochie
The next pepe"
,,2025-05-22T04:43:38+00:00,karelicecalls,150000.0,811000.0,,True,True,"ğŸŸ£ Achievement Unlocked: x5! ğŸ‘‹

@KareliceCalls made a x5+ call on BUBBLE. 

$150K -> $811K

ğŸ‘View Call ğŸ“ŠView Stats

ğŸ”¥ TRENDING #1ğŸ”¸
MERL - Green dildo incoming"
,,2025-05-22T04:41:42+00:00,chinapumpcommunity,28000.0,123000.0,,True,False,"ğŸŸ£ Achievement Unlocked: x4! ğŸ––

@ChinaPumpCommunity made a x4+ call on Tag . 

$28K -> $123K

ğŸ‘View Call ğŸ“ŠView Stats

ğŸ”ŠAd - Boochie by Matt Furie
From Matt's book the Cortex Vortex"
,,2025-05-22T04:40:29+00:00,biggemsofficial,25000000.0,106000000.0,,True,False,"ğŸŸ£ Achievement Unlocked: x4! ğŸ––

@biggemsofficial made a x4+ call on moonpig. 

$25M -> $106M

ğŸ‘View Call ğŸ“ŠView Stats

ğŸ”¥ TRENDING #2ğŸ”µ
Sui (Universa... - Most hype coin around!"
,,2025-05-22T04:40:29+00:00,hodlersgems,32000000.0,106000000.0,,True,False,"ğŸŸ£ Achievement Unlocked: x3! ğŸ¤Ÿ

@hodlersgems made a x3+ call on moonpig. 

$32M -> $106M

ğŸ‘View Call ğŸ“ŠView Stats

ğŸ”¥ TRENDING #1ğŸª™
BOTIFY - Botify - no code platform"
,,2025-05-22T04:40:28+00:00,chinapumpcommunity,946000.0,106000000.0,,True,True,"ğŸŸ£ Achievement Unlocked: Jackpot! ğŸ°

@ChinaPumpCommunity made a x100+ call on moonpig. 

$946K -> $106M

ğŸ‘View Call ğŸ“ŠView Stats

ğŸ”¥ TRENDING #2ğŸ”¹
Moses Pepe - Posted by matt Furie on X"
,,2025-05-22T04:40:28+00:00,bruisersgambles,26000000.0,106000000.0,,True,False,"ğŸŸ£ Achievement Unlocked: x4! ğŸ––

@bruisersgambles made a x4+ call on moonpig. 

$26M -> $106M

ğŸ‘View Call ğŸ“ŠView Stats

ğŸ”¥ TRENDING #2ğŸ”¸
USD1DOGE - Strongest community on tg"
,,2025-05-22T04:40:28+00:00,apollo_degen_calls,117000.0,106000000.0,,True,True,"ğŸŸ£ Achievement Unlocked: x750! 

@APOLLO_DEGEN_CALLS made a x750+ call on moonpig. 

$117K -> $106M

ğŸ‘View Call ğŸ“ŠView Stats

ğŸ”¥ TRENDING #1ğŸ”¹
Blue Anteater... - Blue Anteater Gal By Matt Furies"
,,2025-05-22T04:40:28+00:00,gemboycalls,2200000.0,106000000.0,,True,True,"ğŸŸ£ Achievement Unlocked: x40! 

@gemboycalls made a x40+ call on moonpig. 

$2.2M -> $106M

ğŸ‘View Call ğŸ“ŠView Stats

ğŸ”¥ TRENDING #1ğŸ”¸
MERL - Green dildo incoming"
,,2025-05-22T04:40:28+00:00,teslacallsofficial,31000000.0,106000000.0,,True,False,"ğŸŸ£ Achievement Unlocked: x3! ğŸ¤Ÿ

@Teslacallsofficial made a x3+ call on moonpig. 

$31M -> $106M

ğŸ‘View Call ğŸ“ŠView Stats

ğŸ”ŠAd - BabyDog
The bona fide celebrity dog!"
,,2025-05-22T04:40:08+00:00,mrbigbagcalls,32000.0,665000.0,,True,True,"ğŸŸ£ Achievement Unlocked: x20! ğŸ¤˜

@Mrbigbagcalls made a x20+ call on Bitcoin Bob. 

$32K -> $665K

ğŸ‘View Call ğŸ“ŠView Stats

ğŸ”¥ TRENDING #2ğŸª™
LC SHIB - SHIB-born. Solana-bred. $LC leads."
,,2025-05-22T04:39:13+00:00,mrbigbagcalls,32000.0,500000.0,,True,True,"ğŸŸ£ Achievement Unlocked: x15! 

@Mrbigbagcalls made a x15+ call on Bitcoin Bob. 

$32K -> $500K

ğŸ‘View Call ğŸ“ŠView Stats

ğŸ”ŠAd - The Citadel
Citadel: Telegram's top AI community, launching projects to be"
,,2025-05-22T04:38:23+00:00,marksgems,26000.0,190000.0,,True,True,"ğŸŸ£ Achievement Unlocked: x7! 

@MarksGems made a x7+ call on if i lived in b.... 

$26K -> $190K

ğŸ‘View Call ğŸ“ŠView Stats

ğŸ”¥ TRENDING #1ğŸª™
BOTIFY - Botify - no code platform"
,,2025-05-22T04:37:53+00:00,karelicecalls,150000.0,614000.0,,True,False,"ğŸŸ£ Achievement Unlocked: x4! ğŸ––

@KareliceCalls made a x4+ call on BUBBLE. 

$150K -> $614K

ğŸ‘View Call ğŸ“ŠView Stats

ğŸ”ŠAd - Boochie
The next pepe"
,,2025-05-22T04:36:38+00:00,thomassafucall,30000.0,121000.0,,True,False,"ğŸŸ£ Achievement Unlocked: x4! ğŸ––

@ThomasSafuCall made a x4+ call on VALCOIN. 

$30K -> $121K

ğŸ‘View Call ğŸ“ŠView Stats

ğŸ”¥ TRENDING #2ğŸ”µ
Sui (Universa... - Most hype coin around!"
,,2025-05-22T04:36:23+00:00,karelicecalls,150000.0,520000.0,,True,False,"ğŸŸ£ Achievement Unlocked: x3! ğŸ¤Ÿ

@KareliceCalls made a x3+ call on BUBBLE. 

$150K -> $520K

ğŸ‘View Call ğŸ“ŠView Stats

ğŸ”ŠAd - Boochie by Matt Furie
From Matt's book the Cortex Vortex"
,,2025-05-22T04:31:03+00:00,karelicecalls,150000.0,302000.0,,True,False,"ğŸŸ£ Achievement Unlocked: x2! âœŒï¸

@KareliceCalls made a x2+ call on BUBBLE. 

$150K -> $302K

ğŸ‘View Call ğŸ“ŠView Stats

ğŸ”¥ TRENDING #1ğŸ”µ
DINO - Generational wealth? Join here"
,,2025-05-22T04:29:23+00:00,insider_eca,75000.0,310000.0,,True,False,"ğŸŸ£ Achievement Unlocked: x4! ğŸ––

@Insider_ECA made a x4+ call on Trump Bitcoin P.... 

$75K -> $310K

ğŸ‘View Call ğŸ“ŠView Stats

ğŸ”ŠAd - $YIELTRA
ğŸ”¥ Real passive income with $Yieltra"
,,2025-05-22T04:21:22+00:00,dextradegems,34000.0,102000.0,,True,False,"ğŸŸ£ Achievement Unlocked: x3! ğŸ¤Ÿ

@dextradegems made a x3+ call on VALCOIN. 

$34K -> $102K

ğŸ‘View Call ğŸ“ŠView Stats

ğŸ”ŠAd - BabyDog
The bona fide celebrity dog!"
,,2025-05-22T04:20:30+00:00,topcallerschannel,43000.0,136000.0,,True,False,"ğŸ”¹ Achievement Unlocked: x3! ğŸ¤Ÿ

@TopCallersChannel made a x3+ call on Blue Anteater G.... 

$43K -> $136K

ğŸ‘View Call ğŸ“ŠView Stats

ğŸ”¥ TRENDING #1ğŸ”¹
Blue Anteater... - Blue Anteater Gal By Matt Furies"
,,2025-05-22T04:20:30+00:00,maniacapes,43000.0,136000.0,,True,False,"ğŸ”¹ Achievement Unlocked: x3! ğŸ¤Ÿ

@maniacapes made a x3+ call on Blue Anteater G.... 

$43K -> $136K

ğŸ‘View Call ğŸ“ŠView Stats

ğŸ”ŠAd - The Citadel
Citadel: Telegram's top AI community, launching projects to"
,,2025-05-22T04:17:28+00:00,marksgems,72000.0,253000.0,,True,False,"ğŸŸ£ Achievement Unlocked: x3! ğŸ¤Ÿ

@MarksGems made a x3+ call on My Curves Are P.... 

$72K -> $253K

ğŸ‘View Call ğŸ“ŠView Stats

ğŸ”¥ TRENDING #2ğŸ”¸
Balance - Based devs, about to run ğŸš€"
,,2025-05-22T04:14:28+00:00,nicksdegens,110000.0,408000.0,,True,False,"ğŸŸ£ Achievement Unlocked: x3! ğŸ¤Ÿ

@nicksdegens made a x3+ call on TEST COIN. 

$110K -> $408K

ğŸ‘View Call ğŸ“ŠView Stats

ğŸ”ŠAd - Boochie
The next pepe"
,,2025-05-22T04:11:06+00:00,michiicalls,60000.0,121000.0,,True,False,"ğŸ”¹ Achievement Unlocked: x2! âœŒï¸

@MichiiCalls made a x2+ call on Blue Anteater G.... 

$60K -> $121K

ğŸ‘View Call ğŸ“ŠView Stats

ğŸ”¥ TRENDING #1ğŸ”¸
MERL - Building financial freedom"
,,2025-05-22T04:09:32+00:00,joejournal,135000.0,276000.0,,True,False,"ğŸ”¹ Achievement Unlocked: Back with a bang! ğŸ’¥

After a few days of no calls, @joejournal made a x2+ call on woollyfi. 

$135K -> $276K

ğŸ‘View Call ğŸ“ŠView Stats

ğŸ”¥ TRENDING #2ğŸª™
LC SHIB - SHIB-born. Solana"
,,2025-05-22T04:09:32+00:00,joejournal,135000.0,276000.0,,True,False,"ğŸ”¹ Achievement Unlocked: x2! âœŒï¸

@joejournal made a x2+ call on woollyfi. 

$135K -> $276K

ğŸ‘View Call ğŸ“ŠView Stats

ğŸ”¥ TRENDING #1ğŸª™
BOTIFY - Botify - no code platform"
,,2025-05-22T04:06:29+00:00,justicecalls,58000.0,117000.0,,True,False,"ğŸ”¹ Achievement Unlocked: x2! âœŒï¸

@JusticeCalls made a x2+ call on Blue Anteater G.... 

$58K -> $117K

ğŸ‘View Call ğŸ“ŠView Stats

ğŸ”¥ TRENDING #1ğŸ”µ
DINO - Only up season."
,,2025-05-22T04:06:29+00:00,justicecalls,58000.0,117000.0,,True,False,"ğŸ”¹ Achievement Unlocked: Back with a bang! ğŸ’¥

After a few days of no calls, @JusticeCalls made a x2+ call on Blue Anteater G.... 

$58K -> $117K

ğŸ‘View Call ğŸ“ŠView Stats

ğŸ”¥ TRENDING #2ğŸ”¹
Boochie by Ma..."
,,2025-05-22T04:02:43+00:00,marksgems,26000.0,164000.0,,True,True,"ğŸŸ£ Achievement Unlocked: x6! 

@MarksGems made a x6+ call on if i lived in b.... 

$26K -> $164K

ğŸ‘View Call ğŸ“ŠView Stats

ğŸ”¥ TRENDING #1ğŸ”¹
Moses Pepe - Posted by matt Furie on X"
,,2025-05-22T04:02:43+00:00,kariusgemscalls,78000.0,164000.0,,True,False,"ğŸŸ£ Achievement Unlocked: x2! âœŒï¸

@kariusgemscalls made a x2+ call on if i lived in b.... 

$78K -> $164K

ğŸ‘View Call ğŸ“ŠView Stats

ğŸ”ŠAd - BabyDog
The bona fide celebrity dog!"
,,2025-05-22T03:59:32+00:00,topcallerschannel,43000.0,89000.0,,True,False,"ğŸ”¹ Achievement Unlocked: x2! âœŒï¸

@TopCallersChannel made a x2+ call on Blue Anteater G.... 

$43K -> $89K

ğŸ‘View Call ğŸ“ŠView Stats

ğŸ”¥ TRENDING #2ğŸª™
LC SHIB - SHIB-born. Solana-bred. $LC leads."
,,2025-05-22T03:59:32+00:00,maniacapes,43000.0,89000.0,,True,False,"ğŸ”¹ Achievement Unlocked: x2! âœŒï¸

@maniacapes made a x2+ call on Blue Anteater G.... 

$43K -> $89K

ğŸ‘View Call ğŸ“ŠView Stats

ğŸ”¥ TRENDING #1ğŸ”¸
MERL - Building financial freedom"
,,2025-05-22T03:46:06+00:00,cluelesscalls,155000.0,476000.0,,True,False,"ğŸ”¹ Achievement Unlocked: x3! ğŸ¤Ÿ

@CluelessCalls made a x3+ call on Bitcoin 2.0. 

$155K -> $476K

ğŸ‘View Call ğŸ“ŠView Stats

ğŸ”ŠAd - Boochie
The next pepe"
,,2025-05-22T03:44:09+00:00,opdegen,19000.0,100000.0,,True,True,"ğŸ”¸ Achievement Unlocked: x5! ğŸ‘‹

@opdegen made a x5+ call on USD1CAT. 

$19K -> $100K

ğŸ‘View Call ğŸ“ŠView Stats

ğŸ”ŠAd - Boochie by Matt Furie
From Matt's book the Cortex Vortex"
,,2025-05-22T03:40:19+00:00,jyue_secretbase,506000.0,1500000.0,,True,False,"ğŸ”¹ Achievement Unlocked: x3! ğŸ¤Ÿ

@Jyue_secretbase made a x3+ call on Eagle. 

$506K -> $1.5M

ğŸ‘View Call ğŸ“ŠView Stats

ğŸ”¥ TRENDING #2ğŸ”¸
Balance - Based devs, about to run ğŸš€"
,,2025-05-22T03:39:38+00:00,sharoongambles,382000.0,1300000.0,,True,False,"ğŸ”¸ Achievement Unlocked: x3! ğŸ¤Ÿ

@sharoongambles made a x3+ call on USD1DOGE. 

$382K -> $1.3M

ğŸ‘View Call ğŸ“ŠView Stats

ğŸ”ŠAd - $YIELTRA
ğŸ”¥ Real passive income with $Yieltra"
,,2025-05-22T03:38:37+00:00,batmangamble,95000.0,197000.0,,True,False,"ğŸŸ£ Achievement Unlocked: x2! âœŒï¸

@BatmanGamble made a x2+ call on Fluxor. 

$95K -> $197K

ğŸ‘View Call ğŸ“ŠView Stats

ğŸ”ŠAd - BabyDog
The bona fide celebrity dog!"
,,2025-05-22T03:37:44+00:00,themothershipcalls,189000.0,458000.0,,True,False,"ğŸ”¹ Achievement Unlocked: x2! âœŒï¸

@themothershipcalls made a x2+ call on Bitcoin 2.0. 

$189K -> $458K

ğŸ‘View Call ğŸ“ŠView Stats

ğŸ”¥ TRENDING #1ğŸ”µ
DINO - Only up season."
,,2025-05-22T03:35:53+00:00,michacalls,180000.0,368000.0,,True,False,"ğŸ”¹ Achievement Unlocked: x2! âœŒï¸

@michacalls made a x2+ call on Bitcoin 2.0. 

$180K -> $368K

ğŸ‘View Call ğŸ“ŠView Stats

ğŸ”¥ TRENDING #2ğŸ”¹
Boochie by Ma... - Expand your trading horizons"
,,2025-05-22T03:35:53+00:00,topcallerschannel,180000.0,368000.0,,True,False,"ğŸ”¹ Achievement Unlocked: x2! âœŒï¸

@TopCallersChannel made a x2+ call on Bitcoin 2.0. 

$180K -> $368K

ğŸ‘View Call ğŸ“ŠView Stats

ğŸ”ŠAd - Boochie
The next pepe"
,,2025-05-22T03:35:53+00:00,kariusgemscalls,41000.0,86000.0,,True,False,"ğŸŸ£ Achievement Unlocked: x2! âœŒï¸

@kariusgemscalls made a x2+ call on Hair Transplant. 

$41K -> $86K

ğŸ‘View Call ğŸ“ŠView Stats

ğŸ”¥ TRENDING #1ğŸ”¹
Moses Pepe - Posted by matt Furie on X"
,,2025-05-22T03:35:06+00:00,cryptorocketeercalls,115000.0,724000.0,,True,True,"ğŸ”¸ Achievement Unlocked: x6! 

@CryptoRocketeerCalls made a x6+ call on WLFIDOGE. 

$115K -> $724K

ğŸ‘View Call ğŸ“ŠView Stats

ğŸ”ŠAd - Boochie by Matt Furie
From Matt's book the Cortex Vortex"
,,2025-05-22T03:34:39+00:00,sharoongambles,300000.0,608000.0,,True,False,"ğŸ”¸ Achievement Unlocked: x2! âœŒï¸

@sharoongambles made a x2+ call on WLFIDOGE. 

$300K -> $608K

ğŸ‘View Call ğŸ“ŠView Stats

ğŸ”ŠAd - $YIELTRA
ğŸ”¥ Real passive income with $Yieltra"
,,2025-05-22T03:33:21+00:00,michacalls,288000.0,594000.0,,True,False,"ğŸ”¸ Achievement Unlocked: x2! âœŒï¸

@michacalls made a x2+ call on WLFIDOGE. 

$288K -> $594K

ğŸ‘View Call ğŸ“ŠView Stats

ğŸ”¥ TRENDING #1ğŸ”¸
MERL - Building financial freedom"
,,2025-05-22T03:33:21+00:00,cryptorocketeercalls,115000.0,594000.0,,True,True,"ğŸ”¸ Achievement Unlocked: x5! ğŸ‘‹

@CryptoRocketeerCalls made a x5+ call on WLFIDOGE. 

$115K -> $594K

ğŸ‘View Call ğŸ“ŠView Stats

ğŸ”ŠAd - BabyDog
The bona fide celebrity dog!"
,,2025-05-22T03:31:44+00:00,kweensjournal,167000.0,335000.0,,True,False,"ğŸ”¹ Achievement Unlocked: x2! âœŒï¸

@kweensjournal made a x2+ call on Bitcoin 2.0. 

$167K -> $335K

ğŸ‘View Call ğŸ“ŠView Stats

ğŸ”¥ TRENDING #1ğŸª™
BOTIFY - Botify - no code platform"
,,2025-05-22T03:31:15+00:00,jeetycall,89000.0,901000.0,,True,True,"ğŸ”¸ Achievement Unlocked: x9! 

@JeetyCall made a x9+ call on USD1DOGE. 

$89K -> $901K

ğŸ‘View Call ğŸ“ŠView Stats

ğŸ”¥ TRENDING #1ğŸ”µ
DINO - Only up season."
,,2025-05-22T03:31:14+00:00,jeetycall,89000.0,901000.0,,True,True,"ğŸ”¸ Achievement Unlocked: Pump it up! â›½ï¸

@JeetyCall made a x10+ call on USD1DOGE. 

$89K -> $901K

ğŸ‘View Call ğŸ“ŠView Stats

ğŸ”¥ TRENDING #2ğŸ”µ
Cookie - Rise to financial heights"
,,2025-05-22T03:31:14+00:00,hellsinggamble,89000.0,901000.0,,True,True,"ğŸ”¸ Achievement Unlocked: x9! 

@HellsingGamble made a x9+ call on USD1DOGE. 

$89K -> $901K

ğŸ‘View Call ğŸ“ŠView Stats

ğŸ”¥ TRENDING #1ğŸ”¹
Moses Pepe - Posted by matt Furie on X"
,,2025-05-22T03:31:14+00:00,hellsinggamble,89000.0,901000.0,,True,True,"ğŸ”¸ Achievement Unlocked: Pump it up! â›½ï¸

@HellsingGamble made a x10+ call on USD1DOGE. 

$89K -> $901K

ğŸ‘View Call ğŸ“ŠView Stats

ğŸ”¥ TRENDING #2ğŸ”¹
Boochie by Ma... - Expand your trading horizons"
,,2025-05-22T03:30:43+00:00,cluelesscalls,155000.0,331000.0,,True,False,"ğŸ”¹ Achievement Unlocked: x2! âœŒï¸

@CluelessCalls made a x2+ call on Bitcoin 2.0. 

$155K -> $331K

ğŸ‘View Call ğŸ“ŠView Stats

ğŸ”ŠAd - Boochie
The next pepe"
,,2025-05-22T03:26:02+00:00,sharoongambles,382000.0,779000.0,,True,False,"ğŸ”¸ Achievement Unlocked: x2! âœŒï¸

@sharoongambles made a x2+ call on USD1DOGE. 

$382K -> $779K

ğŸ‘View Call ğŸ“ŠView Stats

ğŸ”¥ TRENDING #2ğŸ”¸
Balance - Based devs, about to run ğŸš€"
,,2025-05-22T03:25:18+00:00,hellsinggamble,89000.0,757000.0,,True,True,"ğŸ”¸ Achievement Unlocked: x8! 

@HellsingGamble made a x8+ call on USD1DOGE. 

$89K -> $757K

ğŸ‘View Call ğŸ“ŠView Stats

ğŸ”¥ TRENDING #1ğŸ”¸
MERL - Building financial freedom"
,,2025-05-22T03:25:18+00:00,jeetycall,89000.0,757000.0,,True,True,"ğŸ”¸ Achievement Unlocked: x8! 

@JeetyCall made a x8+ call on USD1DOGE. 

$89K -> $757K

ğŸ‘View Call ğŸ“ŠView Stats

ğŸ”¥ TRENDING #2ğŸª™
LC SHIB - SHIB-born. Solana-bred. $LC leads."
,,2025-05-22T03:17:58+00:00,maybac_whales,326000.0,1300000.0,,True,False,"ğŸŸ£ Achievement Unlocked: x4! ğŸ––

@maybac_whales made a x4+ call on dndNGMI. 

$326K -> $1.3M

ğŸ‘View Call ğŸ“ŠView Stats

ğŸ”¥ TRENDING #1ğŸ”µ
DINO - Only up season."
,,2025-05-22T03:17:58+00:00,gemsmineeth,165000.0,1300000.0,,True,True,"ğŸŸ£ Achievement Unlocked: x8! 

@GemsmineEth made a x8+ call on dndNGMI. 

$165K -> $1.3M

ğŸ‘View Call ğŸ“ŠView Stats

ğŸ”¥ TRENDING #2ğŸ”¹
Moses Pepe - Posted by matt Furie on X"
,,2025-05-22T03:14:37+00:00,minegems,2400000.0,7400000.0,,True,False,"ğŸŸ£ Achievement Unlocked: x3! ğŸ¤Ÿ

@MineGems made a x3+ call on KLEDAI. 

$2.4M -> $7.4M

ğŸ‘View Call ğŸ“ŠView Stats

ğŸ”ŠAd - BabyDog
The bona fide celebrity dog!"
,,2025-05-22T03:08:27+00:00,hellsinggamble,89000.0,649000.0,,True,True,"ğŸ”¸ Achievement Unlocked: x7! 

@HellsingGamble made a x7+ call on USD1DOGE. 

$89K -> $649K

ğŸ‘View Call ğŸ“ŠView Stats

ğŸ”¥ TRENDING #1ğŸ”¹
Pepes Dog - Pepe's Dog & Matt Furie's alter ego"
,,2025-05-22T03:08:26+00:00,jeetycall,89000.0,649000.0,,True,True,"ğŸ”¸ Achievement Unlocked: x7! 

@JeetyCall made a x7+ call on USD1DOGE. 

$89K -> $649K

ğŸ‘View Call ğŸ“ŠView Stats

ğŸ”ŠAd - The Citadel
Citadel: Telegram's top AI community, launching projects to benefit all"
,,2025-05-22T02:50:48+00:00,marksgems,69000.0,87000000.0,,True,True,"ğŸŸ£ Achievement Unlocked: Moonshot! ğŸš€

@MarksGems made a x1000+ call on moonpig. 

$69K -> $87M

ğŸ‘View Call ğŸ“ŠView Stats

ğŸ”¥ TRENDING #2ğŸª™
LC SHIB - SHIB-born. Solana-bred. $LC leads."
,,2025-05-22T02:50:48+00:00,donald_call,113000.0,87000000.0,,True,True,"ğŸŸ£ Achievement Unlocked: x750! 

@DONALD_CALL made a x750+ call on moonpig. 

$113K -> $87M

ğŸ‘View Call ğŸ“ŠView Stats

ğŸ”¥ TRENDING #1ğŸª™
BOTIFY - Botify - no code platform"
,,2025-05-22T02:50:48+00:00,biggemsofficial,25000000.0,87000000.0,,True,False,"ğŸŸ£ Achievement Unlocked: x3! ğŸ¤Ÿ

@biggemsofficial made a x3+ call on moonpig. 

$25M -> $87M

ğŸ‘View Call ğŸ“ŠView Stats

ğŸ”¥ TRENDING #2ğŸ”µ
Cookie - Rise to financial heights"
,,2025-05-22T02:50:48+00:00,bruisersgambles,26000000.0,87000000.0,,True,False,"ğŸŸ£ Achievement Unlocked: x3! ğŸ¤Ÿ

@bruisersgambles made a x3+ call on moonpig. 

$26M -> $87M

ğŸ‘View Call ğŸ“ŠView Stats

ğŸ”¥ TRENDING #1ğŸ”µ
DINO - Only up season."
,,2025-05-22T02:50:48+00:00,gemboycalls,2200000.0,87000000.0,,True,True,"ğŸŸ£ Achievement Unlocked: x30! 

@gemboycalls made a x30+ call on moonpig. 

$2.2M -> $87M

ğŸ‘View Call ğŸ“ŠView Stats

ğŸ”¥ TRENDING #2ğŸ”¹
Moses Pepe - Posted by matt Furie on X"
,,2025-05-22T02:50:48+00:00,chinapumpcommunity,946000.0,87000000.0,,True,True,"ğŸŸ£ Achievement Unlocked: x90! 

@ChinaPumpCommunity made a x90+ call on moonpig. 

$946K -> $87M

ğŸ‘View Call ğŸ“ŠView Stats

ğŸ”¥ TRENDING #1ğŸ”¹
Pepes Dog - Pepe's Dog & Matt Furie's alter ego"
,,2025-05-22T02:48:23+00:00,engineercalls,103000.0,209000.0,,True,False,"ğŸŸ£ Achievement Unlocked: x2! âœŒï¸

@engineercalls made a x2+ call on Official Solana.... 

$103K -> $209K

ğŸ‘View Call ğŸ“ŠView Stats

ğŸ”ŠAd - Boochie by Matt Furie
From Matt's book the Cortex Vortex"
,,2025-05-22T02:47:43+00:00,gemsmineeth,303000.0,1000000.0,,True,False,"ğŸŸ£ Achievement Unlocked: x3! ğŸ¤Ÿ

@GemsmineEth made a x3+ call on billy 2. 

$303K -> $1M

ğŸ‘View Call ğŸ“ŠView Stats

ğŸ”¥ TRENDING #2ğŸ”¸
Balance - Based devs, about to run ğŸš€"
,,2025-05-22T02:47:13+00:00,kariusgemscalls,62000.0,200000.0,,True,False,"ğŸŸ£ Achievement Unlocked: x3! ğŸ¤Ÿ

@kariusgemscalls made a x3+ call on Official Solana.... 

$62K -> $200K

ğŸ‘View Call ğŸ“ŠView Stats

ğŸ”¥ TRENDING #2ğŸª™
LC SHIB - SHIB-born. Solana-bred. $LC leads."
,,2025-05-22T02:45:28+00:00,bocchiplays,104000.0,251000.0,,True,False,"ğŸŸ£ Achievement Unlocked: x2! âœŒï¸

@BocchiPlays made a x2+ call on Mintana. 

$104K -> $251K

ğŸ‘View Call ğŸ“ŠView Stats

ğŸ”¥ TRENDING #1ğŸª™
BOTIFY - Botify - no code platform"
,,2025-05-22T02:44:18+00:00,yodacallss,72000.0,153000.0,,True,False,"ğŸŸ£ Achievement Unlocked: x2! âœŒï¸

@YodaCallss made a x2+ call on Official Solana.... 

$72K -> $153K

ğŸ‘View Call ğŸ“ŠView Stats

ğŸ”ŠAd - BabyDog
The bona fide celebrity dog!"
,,2025-05-22T02:43:33+00:00,kariusgemscalls,62000.0,125000.0,,True,False,"ğŸŸ£ Achievement Unlocked: x2! âœŒï¸

@kariusgemscalls made a x2+ call on Official Solana.... 

$62K -> $125K

ğŸ‘View Call ğŸ“ŠView Stats

ğŸ”¥ TRENDING #2ğŸ”µ
Cookie - Rise to financial heights"
,,2025-05-22T02:22:53+00:00,marksgems,64000.0,297000.0,,True,False,"ğŸŸ£ Achievement Unlocked: x4! ğŸ––

@MarksGems made a x4+ call on Official Solana.... 

$64K -> $297K

ğŸ‘View Call ğŸ“ŠView Stats

ğŸ”¥ TRENDING #1ğŸ”¹
Pepes Dog - Pepe's Dog & Matt Furie's alter ego"
,,2025-05-22T02:21:12+00:00,michiosuzukiofsatoshicalls,241000.0,522000.0,,True,False,"ğŸŸ£ Achievement Unlocked: x2! âœŒï¸

@michiosuzukiofsatoshicalls made a x2+ call on DAWA. 

$241K -> $522K

ğŸ‘View Call ğŸ“ŠView Stats

ğŸ”ŠAd - $YIELTRA
ğŸ”¥ Real passive income with $Yieltra"
,,2025-05-22T02:16:43+00:00,marksgems,64000.0,200000.0,,True,False,"ğŸŸ£ Achievement Unlocked: x3! ğŸ¤Ÿ

@MarksGems made a x3+ call on Official Solana.... 

$64K -> $200K

ğŸ‘View Call ğŸ“ŠView Stats

ğŸ”ŠAd - BabyDog
The bona fide celebrity dog!"
,,2025-05-22T02:15:48+00:00,marksgems,64000.0,130000.0,,True,False,"ğŸŸ£ Achievement Unlocked: x2! âœŒï¸

@MarksGems made a x2+ call on Official Solana.... 

$64K -> $130K

ğŸ‘View Call ğŸ“ŠView Stats

ğŸ”¥ TRENDING #1ğŸ”¸
MERL - Building financial freedom"
,,2025-05-22T02:12:03+00:00,cortezgems,52000.0,114000.0,,True,False,"ğŸŸ£ Achievement Unlocked: x2! âœŒï¸

@cortezgems made a x2+ call on Zypher MCP. 

$52K -> $114K

ğŸ‘View Call ğŸ“ŠView Stats

ğŸ”¥ TRENDING #2ğŸª™
LC SHIB - SHIB-born. Solana-bred. $LC leads."
,,2025-05-22T02:10:53+00:00,zaydan_gems,638000.0,1900000.0,,True,False,"ğŸŸ£ Achievement Unlocked: x3! ğŸ¤Ÿ

@Zaydan_Gems made a x3+ call on Flipcoin. 

$638K -> $1.9M

ğŸ‘View Call ğŸ“ŠView Stats

ğŸ”¥ TRENDING #1ğŸª™
BOTIFY - Botify - no code platform"
,,2025-05-22T02:10:48+00:00,kradscalls,476000.0,1900000.0,,True,False,"ğŸŸ£ Achievement Unlocked: x4! ğŸ––

@KradsCalls made a x4+ call on Flipcoin. 

$476K -> $1.9M

ğŸ‘View Call ğŸ“ŠView Stats

ğŸ”ŠAd - Boochie by Matt Furie
From Matt's book the Cortex Vortex"
,,2025-05-22T02:10:38+00:00,begeneracy,269000.0,1900000.0,,True,True,"ğŸŸ£ Achievement Unlocked: x7! 

@Begeneracy made a x7+ call on Flipcoin. 

$269K -> $1.9M

ğŸ‘View Call ğŸ“ŠView Stats

ğŸ”¥ TRENDING #2ğŸ”µ
Cookie - Rise to financial heights"
,,2025-05-22T02:07:13+00:00,chapoinsider,57000.0,251000.0,,True,False,"ğŸŸ£ Achievement Unlocked: x4! ğŸ––

@ChapoInsider made a x4+ call on OAKI WORLD. 

$57K -> $251K

ğŸ‘View Call ğŸ“ŠView Stats

ğŸ”ŠAd - $YIELTRA
ğŸ”¥ Real passive income with $Yieltra"
,,2025-05-22T02:06:58+00:00,teslacallsofficial,363000.0,1900000.0,,True,True,"ğŸŸ£ Achievement Unlocked: x5! ğŸ‘‹

@Teslacallsofficial made a x5+ call on Flipcoin. 

$363K -> $1.9M

ğŸ‘View Call ğŸ“ŠView Stats

ğŸ”¥ TRENDING #1ğŸ”µ
DINO - Only up season."
,,2025-05-22T02:06:58+00:00,nopaidcallshere,369000.0,1900000.0,,True,True,"ğŸŸ£ Achievement Unlocked: x5! ğŸ‘‹

@nopaidcallshere made a x5+ call on Flipcoin. 

$369K -> $1.9M

ğŸ‘View Call ğŸ“ŠView Stats

ğŸ”¥ TRENDING #2ğŸ”¹
Moses Pepe - Posted by matt Furie on X"
,,2025-05-22T02:06:58+00:00,gm_degencalls,618000.0,1900000.0,,True,False,"ğŸŸ£ Achievement Unlocked: x3! ğŸ¤Ÿ

@GM_Degencalls made a x3+ call on Flipcoin. 

$618K -> $1.9M

ğŸ‘View Call ğŸ“ŠView Stats

ğŸ”¥ TRENDING #1ğŸ”¹
Pepes Dog - Pepe's Dog & Matt Furie's alter ego"
,,2025-05-22T02:06:57+00:00,chinapumpcommunity,262000.0,1900000.0,,True,True,"ğŸŸ£ Achievement Unlocked: x7! 

@ChinaPumpCommunity made a x7+ call on Flipcoin. 

$262K -> $1.9M

ğŸ‘View Call ğŸ“ŠView Stats

ğŸ”ŠAd - BabyDog
The bona fide celebrity dog!"
,,2025-05-22T02:03:58+00:00,zen_call,74000.0,261000.0,,True,False,"ğŸŸ£ Achievement Unlocked: x3! ğŸ¤Ÿ

@Zen_call made a x3+ call on NOTUS Memes. 

$74K -> $261K

ğŸ‘View Call ğŸ“ŠView Stats

ğŸ”¥ TRENDING #2ğŸ”¸
Balance - Based devs, about to run ğŸš€"
,,2025-05-22T02:03:48+00:00,zen_call,74000.0,170000.0,,True,False,"ğŸŸ£ Achievement Unlocked: x2! âœŒï¸

@Zen_call made a x2+ call on NOTUS Memes. 

$74K -> $170K

ğŸ‘View Call ğŸ“ŠView Stats

ğŸ”ŠAd - The Citadel
Citadel: Telegram's top AI community, launching projects to benefit"
,,2025-05-22T02:03:43+00:00,mattfuriecalls1,296000.0,1800000.0,,True,True,"ğŸŸ£ Achievement Unlocked: x6! 

@mattfuriecalls1 made a x6+ call on Flipcoin. 

$296K -> $1.8M

ğŸ‘View Call ğŸ“ŠView Stats

ğŸ”¥ TRENDING #1ğŸ”¸
MERL - Building financial freedom"
,,2025-05-22T02:03:07+00:00,quartzeth,344000.0,1700000.0,,True,False,"ğŸŸ£ Achievement Unlocked: x5! ğŸ‘‹

@QuartzETH made a x5+ call on Flipcoin. 

$344K -> $1.7M

ğŸ‘View Call ğŸ“ŠView Stats

ğŸ”ŠAd - Boochie
The next pepe"
,,2025-05-22T02:00:23+00:00,zen_call,73000.0,222000.0,,True,False,"ğŸŸ£ Achievement Unlocked: x3! ğŸ¤Ÿ

@Zen_call made a x3+ call on Big Titties Cul.... 

$73K -> $222K

ğŸ‘View Call ğŸ“ŠView Stats

ğŸ”¥ TRENDING #2ğŸª™
LC SHIB - SHIB-born. Solana-bred. $LC leads."
,,2025-05-22T02:00:23+00:00,marksgems,27000.0,222000.0,,True,True,"ğŸŸ£ Achievement Unlocked: x8! 

@MarksGems made a x8+ call on Big Titties Cul.... 

$27K -> $222K

ğŸ‘View Call ğŸ“ŠView Stats

ğŸ”ŠAd - Boochie by Matt Furie
From Matt's book the Cortex Vortex"
,,2025-05-22T01:52:17+00:00,topcallerschannel,230000.0,489000.0,,True,False,"ğŸ”¹ Achievement Unlocked: x2! âœŒï¸

@TopCallersChannel made a x2+ call on Traceon AI. 

$230K -> $489K

ğŸ‘View Call ğŸ“ŠView Stats

ğŸ”¥ TRENDING #1ğŸ”µ
DINO - Only up season."
,,2025-05-22T01:52:17+00:00,ezmoneycalls,230000.0,489000.0,,True,False,"ğŸ”¹ Achievement Unlocked: x2! âœŒï¸

@EZMoneyCalls made a x2+ call on Traceon AI. 

$230K -> $489K

ğŸ‘View Call ğŸ“ŠView Stats

ğŸ”ŠAd - The Citadel
Citadel: Telegram's top AI community, launching projects to ben"
,,2025-05-22T01:50:08+00:00,marksgems,27000.0,205000.0,,True,True,"ğŸŸ£ Achievement Unlocked: x7! 

@MarksGems made a x7+ call on Big Titties Cul.... 

$27K -> $205K

ğŸ‘View Call ğŸ“ŠView Stats

ğŸ”¥ TRENDING #2ğŸ”¹
Moses Pepe - Posted by matt Furie on X"
,,2025-05-22T01:48:32+00:00,marksgems,27000.0,164000.0,,True,True,"ğŸŸ£ Achievement Unlocked: x6! 

@MarksGems made a x6+ call on Big Titties Cul.... 

$27K -> $164K

ğŸ‘View Call ğŸ“ŠView Stats

ğŸ”ŠAd - Boochie
The next pepe"
,,2025-05-22T01:47:57+00:00,kariusgemscalls,79000.0,159000.0,,True,False,"ğŸŸ£ Achievement Unlocked: x2! âœŒï¸

@kariusgemscalls made a x2+ call on Big Titties Cul.... 

$79K -> $159K

ğŸ‘View Call ğŸ“ŠView Stats

ğŸ”¥ TRENDING #1ğŸ”¹
Pepes Dog - Pepe's Dog & Matt Furie's alter ego"
,,2025-05-22T01:47:52+00:00,zen_call,73000.0,153000.0,,True,False,"ğŸŸ£ Achievement Unlocked: x2! âœŒï¸

@Zen_call made a x2+ call on Big Titties Cul.... 

$73K -> $153K

ğŸ‘View Call ğŸ“ŠView Stats

ğŸ”ŠAd - Boochie by Matt Furie
From Matt's book the Cortex Vortex"
,,2025-05-22T01:47:47+00:00,marksgems,27000.0,138000.0,,True,True,"ğŸŸ£ Achievement Unlocked: x5! ğŸ‘‹

@MarksGems made a x5+ call on Big Titties Cul.... 

$27K -> $138K

ğŸ‘View Call ğŸ“ŠView Stats

ğŸ”¥ TRENDING #2ğŸ”¸
Balance - Based devs, about to run ğŸš€"
,,2025-05-22T01:44:28+00:00,marksgems,27000.0,111000.0,,True,False,"ğŸŸ£ Achievement Unlocked: x4! ğŸ––

@MarksGems made a x4+ call on Big Titties Cul.... 

$27K -> $111K

ğŸ‘View Call ğŸ“ŠView Stats

ğŸ”ŠAd - $YIELTRA
ğŸ”¥ Real passive income with $Yieltra"
,,2025-05-22T01:40:43+00:00,dailyapeinside,141000.0,603000.0,,True,False,"ğŸŸ£ Achievement Unlocked: x4! ğŸ––

@dailyapeinside made a x4+ call on Meda Chat by Me.... 

$141K -> $603K

ğŸ‘View Call ğŸ“ŠView Stats

ğŸ”¥ TRENDING #1ğŸª™
BOTIFY - Botify - no code platform"
,,2025-05-22T01:40:32+00:00,dailyapeinside,141000.0,521000.0,,True,False,"ğŸŸ£ Achievement Unlocked: x3! ğŸ¤Ÿ

@dailyapeinside made a x3+ call on Meda Chat by Me.... 

$141K -> $521K

ğŸ‘View Call ğŸ“ŠView Stats

ğŸ”ŠAd - BabyDog
The bona fide celebrity dog!"
,,2025-05-22T01:39:13+00:00,spacemancallzsolana,209000.0,429000.0,,True,False,"ğŸŸ£ Achievement Unlocked: x2! âœŒï¸

@spacemancallzsolana made a x2+ call on DAWA. 

$209K -> $429K

ğŸ‘View Call ğŸ“ŠView Stats

ğŸ”¥ TRENDING #2ğŸ”µ
Cookie - Rise to financial heights"
,,2025-05-22T01:39:12+00:00,knightgamble,132000.0,429000.0,,True,False,"ğŸŸ£ Achievement Unlocked: x3! ğŸ¤Ÿ

@knightgamble made a x3+ call on DAWA. 

$132K -> $429K

ğŸ‘View Call ğŸ“ŠView Stats

ğŸ”ŠAd - The Citadel
Citadel: Telegram's top AI community, launching projects to benefit al"
,,2025-05-22T01:33:05+00:00,animegems,290000.0,1300000.0,,True,False,"ğŸ”¹ Achievement Unlocked: x4! ğŸ––

@AnimeGems made a x4+ call on Pepes Dog. 

$290K -> $1.3M

ğŸ‘View Call ğŸ“ŠView Stats

ğŸ”¥ TRENDING #1ğŸ”µ
DINO - Only up season."
,,2025-05-22T01:33:05+00:00,bagcalls,403000.0,1300000.0,,True,False,"ğŸ”¹ Achievement Unlocked: x3! ğŸ¤Ÿ

@bagcalls made a x3+ call on Pepes Dog. 

$403K -> $1.3M

ğŸ‘View Call ğŸ“ŠView Stats

ğŸ”¥ TRENDING #2ğŸ”¸
Balance - Based devs, about to run ğŸš€"
,,2025-05-22T01:33:04+00:00,topcallerschannel,322000.0,1300000.0,,True,False,"ğŸ”¹ Achievement Unlocked: x4! ğŸ––

@TopCallersChannel made a x4+ call on Pepes Dog. 

$322K -> $1.3M

ğŸ‘View Call ğŸ“ŠView Stats

ğŸ”¥ TRENDING #1ğŸ”¸
MERL - Building financial freedom"
,,2025-05-22T01:30:38+00:00,vortex_gamble,67000.0,203000.0,,True,False,"ğŸŸ£ Achievement Unlocked: x3! ğŸ¤Ÿ

@Vortex_Gamble made a x3+ call on My Curves Are P.... 

$67K -> $203K

ğŸ‘View Call ğŸ“ŠView Stats

ğŸ”ŠAd - Boochie
The next pepe"
,,2025-05-22T01:28:19+00:00,nagatogemcalls,532000.0,1100000.0,,True,False,"ğŸ”¹ Achievement Unlocked: Back with a bang! ğŸ’¥

After a few days of no calls, @NagatoGemCalls made a x2+ call on Pepes Dog. 

$532K -> $1.1M

ğŸ‘View Call ğŸ“ŠView Stats

ğŸ”¥ TRENDING #2ğŸ”¹
Pepes Dog - Pepe's Dog"
,,2025-05-22T01:28:18+00:00,apollo_degen_calls,66000.0,201000.0,,True,False,"ğŸŸ£ Achievement Unlocked: x3! ğŸ¤Ÿ

@APOLLO_DEGEN_CALLS made a x3+ call on My Curves Are P.... 

$66K -> $201K

ğŸ‘View Call ğŸ“ŠView Stats

ğŸ”¥ TRENDING #1ğŸ”¹
Moses Pepe - Posted by matt Furie on X"
,,2025-05-22T01:28:18+00:00,thanos_call,66000.0,201000.0,,True,False,"ğŸŸ£ Achievement Unlocked: x3! ğŸ¤Ÿ

@Thanos_Call made a x3+ call on My Curves Are P.... 

$66K -> $201K

ğŸ‘View Call ğŸ“ŠView Stats

ğŸ”¥ TRENDING #2ğŸ”¸
Balance - Based devs, about to run ğŸš€"
,,2025-05-22T01:28:12+00:00,jeetycall,71000.0,499000.0,,True,True,"ğŸŸ£ Achievement Unlocked: x7! 

@JeetyCall made a x7+ call on Disbelieve. 

$71K -> $499K

ğŸ‘View Call ğŸ“ŠView Stats

ğŸ”ŠAd - Boochie by Matt Furie
From Matt's book the Cortex Vortex"
,,2025-05-22T01:27:08+00:00,jeetycall,71000.0,437000.0,,True,True,"ğŸŸ£ Achievement Unlocked: x6! 

@JeetyCall made a x6+ call on Disbelieve. 

$71K -> $437K

ğŸ‘View Call ğŸ“ŠView Stats

ğŸ”¥ TRENDING #1ğŸ”¸
MERL - Building financial freedom"
,,2025-05-22T01:26:48+00:00,jeetycall,71000.0,383000.0,,True,True,"ğŸŸ£ Achievement Unlocked: x5! ğŸ‘‹

@JeetyCall made a x5+ call on Disbelieve. 

$71K -> $383K

ğŸ‘View Call ğŸ“ŠView Stats

ğŸ”ŠAd - $YIELTRA
ğŸ”¥ Real passive income with $Yieltra"
,,2025-05-22T01:26:28+00:00,jeetycall,71000.0,324000.0,,True,False,"ğŸŸ£ Achievement Unlocked: x4! ğŸ––

@JeetyCall made a x4+ call on Disbelieve. 

$71K -> $324K

ğŸ‘View Call ğŸ“ŠView Stats

ğŸ”¥ TRENDING #2ğŸª™
My Curves Are... - My Curves Are Profitable"
,,2025-05-22T01:26:23+00:00,jeetycall,71000.0,240000.0,,True,False,"ğŸŸ£ Achievement Unlocked: x3! ğŸ¤Ÿ

@JeetyCall made a x3+ call on Disbelieve. 

$71K -> $240K

ğŸ‘View Call ğŸ“ŠView Stats

ğŸ”¥ TRENDING #1ğŸª™
BOTIFY - Botify - no code platform"
,,2025-05-22T01:26:08+00:00,topcallerschannel,2100000.0,8800000.0,,True,False,"ğŸ”¹ Achievement Unlocked: x4! ğŸ––

@TopCallersChannel made a x4+ call on Nitro. 

$2.1M -> $8.8M

ğŸ‘View Call ğŸ“ŠView Stats

ğŸ”¥ TRENDING #2ğŸ”µ
Cookie - Rise to financial heights"
,,2025-05-22T01:26:08+00:00,capricalls,2100000.0,8800000.0,,True,False,"ğŸ”¹ Achievement Unlocked: x4! ğŸ––

@CapriCalls made a x4+ call on Nitro. 

$2.1M -> $8.8M

ğŸ‘View Call ğŸ“ŠView Stats

ğŸ”ŠAd - Boochie
The next pepe"
,,2025-05-22T01:24:48+00:00,donald_call,65000.0,197000.0,,True,False,"ğŸŸ£ Achievement Unlocked: x3! ğŸ¤Ÿ

@DONALD_CALL made a x3+ call on My Curves Are P.... 

$65K -> $197K

ğŸ‘View Call ğŸ“ŠView Stats

ğŸ”¥ TRENDING #1ğŸ”µ
DINO - Only up season."
,,2025-05-22T01:23:28+00:00,jeetycall,71000.0,142000.0,,True,False,"ğŸŸ£ Achievement Unlocked: x2! âœŒï¸

@JeetyCall made a x2+ call on Disbelieve. 

$71K -> $142K

ğŸ‘View Call ğŸ“ŠView Stats

ğŸ”¥ TRENDING #2ğŸ”¹
Pepes Dog - Pepe's Dog & Matt Furie's alter ego"
,,2025-05-22T01:22:22+00:00,marksgems,26000.0,132000.0,,True,True,"ğŸŸ£ Achievement Unlocked: x5! ğŸ‘‹

@MarksGems made a x5+ call on if i lived in b.... 

$26K -> $132K

ğŸ‘View Call ğŸ“ŠView Stats

ğŸ”ŠAd - $YIELTRA
ğŸ”¥ Real passive income with $Yieltra"
,,2025-05-22T01:20:21+00:00,teslacallsofficial,2800000.0,8400000.0,,True,False,"ğŸ”¹ Achievement Unlocked: x3! ğŸ¤Ÿ

@Teslacallsofficial made a x3+ call on Nitro. 

$2.8M -> $8.4M

ğŸ‘View Call ğŸ“ŠView Stats

ğŸ”¥ TRENDING #1ğŸ”¹
Moses Pepe - Posted by matt Furie on X"
,,2025-05-22T01:17:34+00:00,carnagecalls,498000.0,996000.0,,True,False,"ğŸ”¹ Achievement Unlocked: Back with a bang! ğŸ’¥

After a few days of no calls, @Carnagecalls made a x2+ call on Pepes Dog. 

$498K -> $996K

ğŸ‘View Call ğŸ“ŠView Stats

ğŸ”¥ TRENDING #2ğŸª™
LC SHIB - SHIB-born. Sol"
,,2025-05-22T01:17:34+00:00,carnagecalls,498000.0,996000.0,,True,False,"ğŸ”¹ Achievement Unlocked: x2! âœŒï¸

@Carnagecalls made a x2+ call on Pepes Dog. 

$498K -> $996K

ğŸ‘View Call ğŸ“ŠView Stats

ğŸ”¥ TRENDING #2ğŸ”¸
MERL - Limitless growth potential"
,,2025-05-22T01:17:33+00:00,topcallerschannel,322000.0,996000.0,,True,False,"ğŸ”¹ Achievement Unlocked: x3! ğŸ¤Ÿ

@TopCallersChannel made a x3+ call on Pepes Dog. 

$322K -> $996K

ğŸ‘View Call ğŸ“ŠView Stats

ğŸ”ŠAd - BabyDog
The bona fide celebrity dog!"
,,2025-05-22T01:16:52+00:00,animegems,290000.0,931000.0,,True,False,"ğŸ”¹ Achievement Unlocked: x3! ğŸ¤Ÿ

@AnimeGems made a x3+ call on Pepes Dog. 

$290K -> $931K

ğŸ‘View Call ğŸ“ŠView Stats

ğŸ”¥ TRENDING #1ğŸª™
BOTIFY - Botify - no code platform"
,,2025-05-22T01:12:30+00:00,jeetycall,89000.0,576000.0,,True,True,"ğŸ”¸ Achievement Unlocked: x6! 

@JeetyCall made a x6+ call on USD1DOGE. 

$89K -> $576K

ğŸ‘View Call ğŸ“ŠView Stats

ğŸ”¥ TRENDING #2ğŸ”µ
Cookie - Wealth awaits you ğŸ’°"
,,2025-05-22T01:12:30+00:00,hellsinggamble,89000.0,576000.0,,True,True,"ğŸ”¸ Achievement Unlocked: x6! 

@HellsingGamble made a x6+ call on USD1DOGE. 

$89K -> $576K

ğŸ‘View Call ğŸ“ŠView Stats

ğŸ”¥ TRENDING #1ğŸ”µ
noice - Finally a mooner, LFG"
,,2025-05-22T01:12:13+00:00,marksgems,26000.0,106000.0,,True,False,"ğŸŸ£ Achievement Unlocked: x4! ğŸ––

@MarksGems made a x4+ call on if i lived in b.... 

$26K -> $106K

ğŸ‘View Call ğŸ“ŠView Stats

ğŸ”ŠAd - The Citadel
Citadel: Telegram's top AI community, launching projects to "
,,2025-05-22T01:12:02+00:00,poseidon_degen_calls,64000.0,194000.0,,True,False,"ğŸŸ£ Achievement Unlocked: x3! ğŸ¤Ÿ

@POSEIDON_DEGEN_CALLS made a x3+ call on My Curves Are P.... 

$64K -> $194K

ğŸ‘View Call ğŸ“ŠView Stats

ğŸ”¥ TRENDING #2ğŸ”¹
Boochie by Ma... - Strong growth potential"
,,2025-05-22T01:07:45+00:00,bagcalls,403000.0,810000.0,,True,False,"ğŸ”¹ Achievement Unlocked: x2! âœŒï¸

@bagcalls made a x2+ call on Pepes Dog. 

$403K -> $810K

ğŸ‘View Call ğŸ“ŠView Stats

ğŸ”¥ TRENDING #1ğŸ”¹
Pepes Dog - Pepe's Dog & Matt Furie's alter ego"
,,2025-05-22T01:06:33+00:00,knightgamble,132000.0,285000.0,,True,False,"ğŸŸ£ Achievement Unlocked: x2! âœŒï¸

@knightgamble made a x2+ call on DAWA. 

$132K -> $285K

ğŸ‘View Call ğŸ“ŠView Stats

ğŸ”¥ TRENDING #2ğŸ”¸
MERL - Limitless growth potential"
,,2025-05-22T01:06:31+00:00,baseddegengems,2600000.0,8000000.0,,True,False,"ğŸ”¹ Achievement Unlocked: x3! ğŸ¤Ÿ

@baseddegengems made a x3+ call on Nitro. 

$2.6M -> $8M

ğŸ‘View Call ğŸ“ŠView Stats

ğŸ”ŠAd - $YIELTRA
ğŸ”¥ Real passive income with $Yieltra"
,,2025-05-22T01:01:07+00:00,hulkgemscalls_real,89000.0,280000.0,,True,False,"ğŸŸ£ Achievement Unlocked: x3! ğŸ¤Ÿ

@hulkgemscalls_real made a x3+ call on Bubblebros. 

$89K -> $280K

ğŸ‘View Call ğŸ“ŠView Stats

ğŸ”¥ TRENDING #2ğŸª™
My Curves Are... - My Curves Are Profitable"
,,2025-05-22T01:01:07+00:00,zen_call,90000.0,280000.0,,True,False,"ğŸŸ£ Achievement Unlocked: x3! ğŸ¤Ÿ

@Zen_call made a x3+ call on Bubblebros. 

$90K -> $280K

ğŸ‘View Call ğŸ“ŠView Stats

ğŸ”¥ TRENDING #1ğŸª™
BOTIFY - Botify - no code platform"
,,2025-05-22T00:56:57+00:00,pawgems,2300000.0,11000000.0,,True,False,"ğŸ”¹ Achievement Unlocked: x4! ğŸ––

@Pawgems made a x4+ call on Boochie by Matt.... 

$2.3M -> $11M

ğŸ‘View Call ğŸ“ŠView Stats

ğŸ”¥ TRENDING #2ğŸª™
My Curves Are... - My Curves Are Profitable"
,,2025-05-22T00:56:57+00:00,casgems,980000.0,11000000.0,,True,True,"ğŸ”¹ Achievement Unlocked: Pump it up! â›½ï¸

@casgems made a x10+ call on Boochie by Matt.... 

$980K -> $11M

ğŸ‘View Call ğŸ“ŠView Stats

ğŸ”¥ TRENDING #2ğŸ”¸
MERL - Limitless growth potential"
,,2025-05-22T00:56:57+00:00,levisaipha,1000000.0,11000000.0,,True,True,"ğŸ”¹ Achievement Unlocked: x9! 

@LevisAIpha made a x9+ call on Boochie by Matt.... 

$1M -> $11M

ğŸ‘View Call ğŸ“ŠView Stats

ğŸ”¥ TRENDING #2ğŸª™
My Curves Are... - My Curves Are Profitable"
,,2025-05-22T00:56:56+00:00,ash_calls,976000.0,11000000.0,,True,True,"ğŸ”¹ Achievement Unlocked: Pump it up! â›½ï¸

@Ash_Calls made a x10+ call on Boochie by Matt.... 

$976K -> $11M

ğŸ‘View Call ğŸ“ŠView Stats

ğŸ”¥ TRENDING #2ğŸ”¹
Boochie by Ma... - Strong growth potential"
,,2025-05-22T00:56:56+00:00,mredudotfun,229000.0,11000000.0,,True,True,"ğŸ”¹ Achievement Unlocked: x40! 

@MrEduDotFun made a x40+ call on Boochie by Matt.... 

$229K -> $11M

ğŸ‘View Call ğŸ“ŠView Stats

ğŸ”ŠAd - Boochie
The next pepe"
,,2025-05-22T00:56:51+00:00,marshmellow100xcalls,1200000.0,11000000.0,,True,True,"ğŸ”¹ Achievement Unlocked: x9! 

@Marshmellow100xCalls made a x9+ call on Boochie by Matt.... 

$1.2M -> $11M

ğŸ‘View Call ğŸ“ŠView Stats

ğŸ”ŠAd - Boochie
The next pepe"
,,2025-05-22T00:56:51+00:00,charlescalls,1000000.0,11000000.0,,True,True,"ğŸ”¹ Achievement Unlocked: x9! 

@CharlesCalls made a x9+ call on Boochie by Matt.... 

$1M -> $11M

ğŸ‘View Call ğŸ“ŠView Stats

ğŸ”ŠAd - Boochie
The next pepe"
,,2025-05-22T00:56:50+00:00,apezone,462000.0,11000000.0,,True,True,"ğŸ”¹ Achievement Unlocked: x20! ğŸ¤˜

@apezone made a x20+ call on Boochie by Matt.... 

$462K -> $11M

ğŸ‘View Call ğŸ“ŠView Stats

ğŸ”ŠAd - Boochie
The next pepe"
,,2025-05-22T00:56:50+00:00,baseddegengems,1600000.0,11000000.0,,True,True,"ğŸ”¹ Achievement Unlocked: x6! 

@baseddegengems made a x6+ call on Boochie by Matt.... 

$1.6M -> $11M

ğŸ‘View Call ğŸ“ŠView Stats

ğŸ”¥ TRENDING #2ğŸ”¸
MERL - Limitless growth potential"
,,2025-05-22T00:56:50+00:00,defiapegems,2700000.0,11000000.0,,True,False,"ğŸ”¹ Achievement Unlocked: x4! ğŸ––

@DefiApeGems made a x4+ call on Boochie by Matt.... 

$2.7M -> $11M

ğŸ‘View Call ğŸ“ŠView Stats

ğŸ”ŠAd - Boochie
The next pepe"
,,2025-05-22T00:56:50+00:00,liltoshigems,1700000.0,11000000.0,,True,True,"ğŸ”¹ Achievement Unlocked: x6! 

@Liltoshigems made a x6+ call on Boochie by Matt.... 

$1.7M -> $11M

ğŸ‘View Call ğŸ“ŠView Stats

ğŸ”¥ TRENDING #2ğŸ”µ
Cookie - Wealth awaits you ğŸ’°"
,,2025-05-22T00:56:50+00:00,shutupandprint,314000.0,11000000.0,,True,True,"ğŸ”¹ Achievement Unlocked: x30! 

@shutupandprint made a x30+ call on Boochie by Matt.... 

$314K -> $11M

ğŸ‘View Call ğŸ“ŠView Stats

ğŸ”ŠAd - Boochie
The next pepe"
,,2025-05-22T00:56:50+00:00,degensgems,198000.0,11000000.0,,True,True,"ğŸ”¹ Achievement Unlocked: x50! ğŸ¤

@degensgems made a x50+ call on Boochie by Matt.... 

$198K -> $11M

ğŸ‘View Call ğŸ“ŠView Stats

ğŸ”¥ TRENDING #1ğŸ”¸
B - Strong growth potential"
,,2025-05-22T00:56:49+00:00,maythousdegens,214000.0,11000000.0,,True,True,"ğŸ”¹ Achievement Unlocked: x50! ğŸ¤

@maythousdegens made a x50+ call on Boochie by Matt.... 

$214K -> $11M

ğŸ‘View Call ğŸ“ŠView Stats

ğŸ”¥ TRENDING #2ğŸ”¹
Boochie by Ma... - Strong growth potential"
,,2025-05-22T00:56:49+00:00,mrboocalls,316000.0,11000000.0,,True,True,"ğŸ”¹ Achievement Unlocked: x30! 

@mrboocalls made a x30+ call on Boochie by Matt.... 

$316K -> $11M

ğŸ‘View Call ğŸ“ŠView Stats

ğŸ”¥ TRENDING #1ğŸ”¹
Pepes Dog - Pepe's Dog & Matt Furie's alter ego"
,,2025-05-22T00:56:44+00:00,xerodarkcalls,203000.0,11000000.0,,True,True,"ğŸ”¹ Achievement Unlocked: x50! ğŸ¤

@XeroDarkCalls made a x50+ call on Boochie by Matt.... 

$203K -> $11M

ğŸ‘View Call ğŸ“ŠView Stats

ğŸ”¥ TRENDING #2ğŸª™
My Curves Are... - My Curves Are Profitable"
,,2025-05-22T00:56:44+00:00,nagatogemcalls,204000.0,11000000.0,,True,True,"ğŸ”¹ Achievement Unlocked: x50! ğŸ¤

@NagatoGemCalls made a x50+ call on Boochie by Matt.... 

$204K -> $11M

ğŸ‘View Call ğŸ“ŠView Stats

ğŸ”¥ TRENDING #1ğŸª™
BOTIFY - Botify - no code platform"
,,2025-05-22T00:56:44+00:00,centralhub_news,954000.0,11000000.0,,True,True,"ğŸ”¹ Achievement Unlocked: Pump it up! â›½ï¸

@CentralHub_News made a x10+ call on Boochie by Matt.... 

$954K -> $11M

ğŸ‘View Call ğŸ“ŠView Stats

ğŸ”ŠAd - Boochie
The next pepe"
,,2025-05-22T00:56:43+00:00,graveyardcallchannel,691000.0,11000000.0,,True,True,"ğŸ”¹ Achievement Unlocked: x15! 

@graveyardcallchannel made a x15+ call on Boochie by Matt.... 

$691K -> $11M

ğŸ‘View Call ğŸ“ŠView Stats

ğŸ”¥ TRENDING #2ğŸ”¸
MERL - Limitless growth potential"
,,2025-05-22T00:56:43+00:00,michacalls,192000.0,11000000.0,,True,True,"ğŸ”¹ Achievement Unlocked: x50! ğŸ¤

@michacalls made a x50+ call on Boochie by Matt.... 

$192K -> $11M

ğŸ‘View Call ğŸ“ŠView Stats

ğŸ”¥ TRENDING #1ğŸ”µ
noice - Finally a mooner, LFG"
,,2025-05-22T00:56:43+00:00,jacob1_community,3300000.0,11000000.0,,True,False,"ğŸ”¹ Achievement Unlocked: x3! ğŸ¤Ÿ

@jacob1_community made a x3+ call on Boochie by Matt.... 

$3.3M -> $11M

ğŸ‘View Call ğŸ“ŠView Stats

ğŸ”¥ TRENDING #1ğŸ”µ
noice - Finally a mooner, LFG"
,,2025-05-22T00:56:43+00:00,principalcalls,1100000.0,11000000.0,,True,True,"ğŸ”¹ Achievement Unlocked: Pump it up! â›½ï¸

@PrincipalCalls made a x10+ call on Boochie by Matt.... 

$1.1M -> $11M

ğŸ‘View Call ğŸ“ŠView Stats

ğŸ”¥ TRENDING #2ğŸ”µ
Cookie - Wealth awaits you ğŸ’°"
,,2025-05-22T00:56:43+00:00,elonmuskcallz,209000.0,11000000.0,,True,True,"ğŸ”¹ Achievement Unlocked: x50! ğŸ¤

@ElonMuskCallz made a x50+ call on Boochie by Matt.... 

$209K -> $11M

ğŸ‘View Call ğŸ“ŠView Stats

ğŸ”¥ TRENDING #2ğŸ”¹
Boochie by Ma... - Strong growth potential"
,,2025-05-22T00:56:43+00:00,levisaipha,1000000.0,11000000.0,,True,True,"ğŸ”¹ Achievement Unlocked: Pump it up! â›½ï¸

@LevisAIpha made a x10+ call on Boochie by Matt.... 

$1M -> $11M

ğŸ‘View Call ğŸ“ŠView Stats

ğŸ”¥ TRENDING #1ğŸ”¹
Pepes Dog - Pepe's Dog & Matt Furie's alter ego"
,,2025-05-22T00:56:42+00:00,veigarcalls,311000.0,11000000.0,,True,True,"ğŸ”¹ Achievement Unlocked: x30! 

@Veigarcalls made a x30+ call on Boochie by Matt.... 

$311K -> $11M

ğŸ‘View Call ğŸ“ŠView Stats

ğŸ”ŠAd - Boochie by Matt Furie
From Matt's book the Cortex Vortex"
,,2025-05-22T00:54:24+00:00,maybachcalls,581000.0,9000000.0,,True,True,"ğŸ”¹ Achievement Unlocked: x15! 

@MaybachCalls made a x15+ call on Boochie by Matt.... 

$581K -> $9M

ğŸ‘View Call ğŸ“ŠView Stats

ğŸ”¥ TRENDING #1ğŸª™
BOTIFY - Botify - no code platform"
,,2025-05-22T00:54:24+00:00,casgems,980000.0,9000000.0,,True,True,"ğŸ”¹ Achievement Unlocked: x9! 

@casgems made a x9+ call on Boochie by Matt.... 

$980K -> $9M

ğŸ‘View Call ğŸ“ŠView Stats

ğŸ”¥ TRENDING #1ğŸ”¹
Pepes Dog - Pepe's Dog & Matt Furie's alter ego"
,,2025-05-22T00:54:24+00:00,marksgems,295000.0,9000000.0,,True,True,"ğŸ”¹ Achievement Unlocked: x30! 

@MarksGems made a x30+ call on Boochie by Matt.... 

$295K -> $9M

ğŸ‘View Call ğŸ“ŠView Stats

ğŸ”¥ TRENDING #2ğŸ”¸
MERL - Limitless growth potential"
,,2025-05-22T00:54:24+00:00,liltoshigems,1700000.0,9000000.0,,True,True,"ğŸ”¹ Achievement Unlocked: x5! ğŸ‘‹

@Liltoshigems made a x5+ call on Boochie by Matt.... 

$1.7M -> $9M

ğŸ‘View Call ğŸ“ŠView Stats

ğŸ”¥ TRENDING #2ğŸª™
My Curves Are... - My Curves Are Profitable"
,,2025-05-22T00:54:24+00:00,centralhub_news,954000.0,9000000.0,,True,True,"ğŸ”¹ Achievement Unlocked: x9! 

@CentralHub_News made a x9+ call on Boochie by Matt.... 

$954K -> $9M

ğŸ‘View Call ğŸ“ŠView Stats

ğŸ”¥ TRENDING #1ğŸ”¸
B - Strong growth potential"
,,2025-05-22T00:54:24+00:00,vortex_gamble,1200000.0,9000000.0,,True,True,"ğŸ”¹ Achievement Unlocked: x7! 

@Vortex_Gamble made a x7+ call on Boochie by Matt.... 

$1.2M -> $9M

ğŸ‘View Call ğŸ“ŠView Stats

ğŸ”¥ TRENDING #2ğŸ”µ
Cookie - Wealth awaits you ğŸ’°"
,,2025-05-22T00:54:24+00:00,calls1000xgemsking,2900000.0,9000000.0,,True,False,"ğŸ”¹ Achievement Unlocked: x3! ğŸ¤Ÿ

@Calls1000xgemsking made a x3+ call on Boochie by Matt.... 

$2.9M -> $9M

ğŸ‘View Call ğŸ“ŠView Stats

ğŸ”¥ TRENDING #1ğŸ”¸
B - Strong growth potential"
,,2025-05-22T00:54:24+00:00,logiciancalls,575000.0,9000000.0,,True,True,"ğŸ”¹ Achievement Unlocked: x15! 

@logiciancalls made a x15+ call on Boochie by Matt.... 

$575K -> $9M

ğŸ‘View Call ğŸ“ŠView Stats

ğŸ”¥ TRENDING #2ğŸ”¹
Boochie by Ma... - Strong growth potential"
,,2025-05-22T00:54:20+00:00,michiicalls,290000.0,9000000.0,,True,True,"ğŸ”¹ Achievement Unlocked: x30! 

@MichiiCalls made a x30+ call on Boochie by Matt.... 

$290K -> $9M

ğŸ‘View Call ğŸ“ŠView Stats

ğŸ”¥ TRENDING #1ğŸ”µ
noice - Finally a mooner, LFG"
,,2025-05-22T00:54:20+00:00,maybachgamblecalls,293000.0,9000000.0,,True,True,"ğŸ”¹ Achievement Unlocked: x30! 

@MaybachGambleCalls made a x30+ call on Boochie by Matt.... 

$293K -> $9M

ğŸ‘View Call ğŸ“ŠView Stats

ğŸ”¥ TRENDING #1ğŸª™
BOTIFY - Botify - no code platform"
,,2025-05-22T00:54:20+00:00,mrbigbagcalls,980000.0,9000000.0,,True,True,"ğŸ”¹ Achievement Unlocked: x9! 

@Mrbigbagcalls made a x9+ call on Boochie by Matt.... 

$980K -> $9M

ğŸ‘View Call ğŸ“ŠView Stats

ğŸ”¥ TRENDING #2ğŸª™
My Curves Are... - My Curves Are Profitable"
,,2025-05-22T00:54:20+00:00,alphaartemisscall,177000.0,9000000.0,,True,True,"ğŸ”¹ Achievement Unlocked: x50! ğŸ¤

@AlphaArtemissCall made a x50+ call on Boochie by Matt.... 

$177K -> $9M

ğŸ‘View Call ğŸ“ŠView Stats

ğŸ”¥ TRENDING #2ğŸ”µ
Cookie - Wealth awaits you ğŸ’°"
,,2025-05-22T00:54:20+00:00,millionsgems,180000.0,9000000.0,,True,True,"ğŸ”¹ Achievement Unlocked: x50! ğŸ¤

@millionsgems made a x50+ call on Boochie by Matt.... 

$180K -> $9M

ğŸ‘View Call ğŸ“ŠView Stats

ğŸ”¥ TRENDING #2ğŸ”¸
MERL - Limitless growth potential"
,,2025-05-22T00:54:19+00:00,bruisersgambles,433000.0,9000000.0,,True,True,"ğŸ”¹ Achievement Unlocked: x20! ğŸ¤˜

@bruisersgambles made a x20+ call on Boochie by Matt.... 

$433K -> $9M

ğŸ‘View Call ğŸ“ŠView Stats

ğŸ”¥ TRENDING #1ğŸ”¹
Pepes Dog - Pepe's Dog & Matt Furie's alter ego"
,,2025-05-22T00:54:19+00:00,maestrosdegen,224000.0,9000000.0,,True,True,"ğŸ”¹ Achievement Unlocked: x40! 

@Maestrosdegen made a x40+ call on Boochie by Matt.... 

$224K -> $9M

ğŸ‘View Call ğŸ“ŠView Stats

ğŸ”ŠAd - $YIELTRA
ğŸ”¥ Real passive income with $Yieltra"
,,2025-05-22T00:54:18+00:00,marksgems,29000.0,117000.0,,True,False,"ğŸŸ£ Achievement Unlocked: x4! ğŸ––

@MarksGems made a x4+ call on NOTUS Memes. 

$29K -> $117K

ğŸ‘View Call ğŸ“ŠView Stats

ğŸ”¥ TRENDING #1ğŸ”¸
B - Strong growth potential"
,,2025-05-22T00:54:17+00:00,kariusgemscalls,19000.0,117000.0,,True,True,"ğŸŸ£ Achievement Unlocked: x6! 

@kariusgemscalls made a x6+ call on NOTUS Memes. 

$19K -> $117K

ğŸ‘View Call ğŸ“ŠView Stats

ğŸ”ŠAd - BabyDog
The bona fide celebrity dog!"
,,2025-05-22T00:54:08+00:00,chapoinsider,28000.0,114000.0,,True,False,"ğŸŸ£ Achievement Unlocked: x4! ğŸ––

@ChapoInsider made a x4+ call on NOTUS Memes. 

$28K -> $114K

ğŸ‘View Call ğŸ“ŠView Stats

ğŸ”¥ TRENDING #2ğŸª™
My Curves Are... - My Curves Are Profitable"
,,2025-05-22T00:53:23+00:00,kariusgemscalls,19000.0,97000.0,,True,True,"ğŸŸ£ Achievement Unlocked: x5! ğŸ‘‹

@kariusgemscalls made a x5+ call on NOTUS Memes. 

$19K -> $97K

ğŸ‘View Call ğŸ“ŠView Stats

ğŸ”ŠAd - The Citadel
Citadel: Telegram's top AI community, launching projects to be"
,,2025-05-22T00:51:57+00:00,topcallerschannel,322000.0,648000.0,,True,False,"ğŸ”¹ Achievement Unlocked: x2! âœŒï¸

@TopCallersChannel made a x2+ call on Pepes Dog. 

$322K -> $648K

ğŸ‘View Call ğŸ“ŠView Stats

ğŸ”¥ TRENDING #1ğŸª™
BOTIFY - Botify - no code platform"
,,2025-05-22T00:50:31+00:00,mrcrypt100xcalls,290000.0,8800000.0,,True,True,"ğŸ”¹ Achievement Unlocked: x30! 

@mrcrypt100xcalls made a x30+ call on Boochie by Matt.... 

$290K -> $8.8M

ğŸ‘View Call ğŸ“ŠView Stats

ğŸ”¥ TRENDING #1ğŸ”µ
noice - Finally a mooner, LFG"
,,2025-05-22T00:50:31+00:00,ash_calls,976000.0,8800000.0,,True,True,"ğŸ”¹ Achievement Unlocked: x9! 

@Ash_Calls made a x9+ call on Boochie by Matt.... 

$976K -> $8.8M

ğŸ‘View Call ğŸ“ŠView Stats

ğŸ”¥ TRENDING #2ğŸ”µ
Cookie - Wealth awaits you ğŸ’°"
,,2025-05-22T00:49:54+00:00,maythousdegens,214000.0,8500000.0,,True,True,"ğŸ”¹ Achievement Unlocked: x40! 

@maythousdegens made a x40+ call on Boochie by Matt.... 

$214K -> $8.5M

ğŸ‘View Call ğŸ“ŠView Stats

ğŸ”¥ TRENDING #2ğŸ”¹
Boochie by Ma... - Strong growth potential"
,,2025-05-22T00:49:54+00:00,cntokenchannel,851000.0,8500000.0,,True,True,"ğŸ”¹ Achievement Unlocked: Pump it up! â›½ï¸

@CNTokenChannel made a x10+ call on Boochie by Matt.... 

$851K -> $8.5M

ğŸ‘View Call ğŸ“ŠView Stats

ğŸ”¥ TRENDING #1ğŸ”¹
Pepes Dog - Pepe's Dog & Matt Furie's alter ego"
,,2025-05-22T00:49:54+00:00,degenseals,284000.0,8500000.0,,True,True,"ğŸ”¹ Achievement Unlocked: x30! 

@DegenSeals made a x30+ call on Boochie by Matt.... 

$284K -> $8.5M

ğŸ‘View Call ğŸ“ŠView Stats

ğŸ”¥ TRENDING #2ğŸ”¸
MERL - Limitless growth potential"
,,2025-05-22T00:49:54+00:00,mrcryptgamble,212000.0,8500000.0,,True,True,"ğŸ”¹ Achievement Unlocked: x40! 

@mrcryptgamble made a x40+ call on Boochie by Matt.... 

$212K -> $8.5M

ğŸ‘View Call ğŸ“ŠView Stats

ğŸ”ŠAd - Boochie by Matt Furie
From Matt's book the Cortex Vortex"
,,2025-05-22T00:48:47+00:00,dailyapeinside,141000.0,289000.0,,True,False,"ğŸŸ£ Achievement Unlocked: x2! âœŒï¸

@dailyapeinside made a x2+ call on Meda Chat by Me.... 

$141K -> $289K

ğŸ‘View Call ğŸ“ŠView Stats

ğŸ”¥ TRENDING #1ğŸ”¸
B - Strong growth potential"
,,2025-05-22T00:48:32+00:00,maniacapes,276000.0,8500000.0,,True,True,"ğŸ”¹ Achievement Unlocked: x30! 

@maniacapes made a x30+ call on Boochie by Matt.... 

$276K -> $8.5M

ğŸ‘View Call ğŸ“ŠView Stats

ğŸ”¥ TRENDING #1ğŸª™
BOTIFY - Botify - no code platform"
,,2025-05-22T00:48:32+00:00,cryptoo_coffee,845000.0,8500000.0,,True,True,"ğŸ”¹ Achievement Unlocked: Pump it up! â›½ï¸

@cryptoo_coffee made a x10+ call on Boochie by Matt.... 

$845K -> $8.5M

ğŸ‘View Call ğŸ“ŠView Stats

ğŸ”¥ TRENDING #2ğŸª™
My Curves Are... - My Curves Are Profitable"
,,2025-05-22T00:48:32+00:00,charlescalls,1000000.0,8500000.0,,True,True,"ğŸ”¹ Achievement Unlocked: x8! 

@CharlesCalls made a x8+ call on Boochie by Matt.... 

$1M -> $8.5M

ğŸ‘View Call ğŸ“ŠView Stats

ğŸ”¥ TRENDING #1ğŸ”µ
noice - Finally a mooner, LFG"
,,2025-05-22T00:48:32+00:00,chapoinsider,282000.0,8500000.0,,True,True,"ğŸ”¹ Achievement Unlocked: x30! 

@ChapoInsider made a x30+ call on Boochie by Matt.... 

$282K -> $8.5M

ğŸ‘View Call ğŸ“ŠView Stats

ğŸ”¥ TRENDING #2ğŸ”µ
Cookie - Wealth awaits you ğŸ’°"
,,2025-05-22T00:48:17+00:00,bgbcncall,157000.0,666000.0,,True,False,"ğŸŸ£ Achievement Unlocked: x4! ğŸ––

@bgbcncall made a x4+ call on BITCORN. 

$157K -> $666K

ğŸ‘View Call ğŸ“ŠView Stats

ğŸ”¥ TRENDING #2ğŸ”¹
Boochie by Ma... - Strong growth potential"
,,2025-05-22T00:48:17+00:00,wifechangingcallss,300000.0,666000.0,,True,False,"ğŸŸ£ Achievement Unlocked: x2! âœŒï¸

@wifechangingcallss made a x2+ call on BITCORN. 

$300K -> $666K

ğŸ‘View Call ğŸ“ŠView Stats

ğŸ”¥ TRENDING #1ğŸ”¹
Pepes Dog - Pepe's Dog & Matt Furie's alter ego"
,,2025-05-22T00:47:32+00:00,marksgems,285000.0,599000.0,,True,False,"ğŸŸ£ Achievement Unlocked: x2! âœŒï¸

@MarksGems made a x2+ call on BITCORN. 

$285K -> $599K

ğŸ‘View Call ğŸ“ŠView Stats

ğŸ”¥ TRENDING #1ğŸ”¸
B - Strong growth potential"
,,2025-05-22T00:47:32+00:00,andyshoutout,139000.0,599000.0,,True,False,"ğŸŸ£ Achievement Unlocked: x4! ğŸ––

@andyshoutout made a x4+ call on BITCORN. 

$139K -> $599K

ğŸ‘View Call ğŸ“ŠView Stats

ğŸ”¥ TRENDING #2ğŸ”¸
MERL - Limitless growth potential"
,,2025-05-22T00:46:54+00:00,principalcalls,1100000.0,8500000.0,,True,True,"ğŸ”¹ Achievement Unlocked: x8! 

@PrincipalCalls made a x8+ call on Boochie by Matt.... 

$1.1M -> $8.5M

ğŸ‘View Call ğŸ“ŠView Stats

ğŸ”¥ TRENDING #2ğŸª™
My Curves Are... - My Curves Are Profitable"
,,2025-05-22T00:46:54+00:00,levisaipha,1000000.0,8500000.0,,True,True,"ğŸ”¹ Achievement Unlocked: x8! 

@LevisAIpha made a x8+ call on Boochie by Matt.... 

$1M -> $8.5M

ğŸ‘View Call ğŸ“ŠView Stats

ğŸ”¥ TRENDING #1ğŸª™
BOTIFY - Botify - no code platform"
,,2025-05-22T00:46:54+00:00,elonmuskcallz,209000.0,8500000.0,,True,True,"ğŸ”¹ Achievement Unlocked: x40! 

@ElonMuskCallz made a x40+ call on Boochie by Matt.... 

$209K -> $8.5M

ğŸ‘View Call ğŸ“ŠView Stats

ğŸ”ŠAd - $YIELTRA
ğŸ”¥ Real passive income with $Yieltra"
,,2025-05-22T00:44:03+00:00,gentlecatcalls,560000.0,1700000.0,,True,False,"ğŸŸ£ Achievement Unlocked: x3! ğŸ¤Ÿ

@GentleCatCalls made a x3+ call on Flipcoin. 

$560K -> $1.7M

ğŸ‘View Call ğŸ“ŠView Stats

ğŸ”¥ TRENDING #2ğŸ”µ
Cookie - Wealth awaits you ğŸ’°"
,,2025-05-22T00:42:33+00:00,baseddegengems,1600000.0,8199999.999999999,,True,True,"ğŸ”¹ Achievement Unlocked: x5! ğŸ‘‹

@baseddegengems made a x5+ call on Boochie by Matt.... 

$1.6M -> $8.2M

ğŸ‘View Call ğŸ“ŠView Stats

ğŸ”¥ TRENDING #2ğŸ”¹
Boochie by Ma... - Strong growth potential"
,,2025-05-22T00:41:56+00:00,defiapegems,2700000.0,8199999.999999999,,True,False,"ğŸ”¹ Achievement Unlocked: x3! ğŸ¤Ÿ

@DefiApeGems made a x3+ call on Boochie by Matt.... 

$2.7M -> $8.2M

ğŸ‘View Call ğŸ“ŠView Stats

ğŸ”¥ TRENDING #1ğŸ”¹
Pepes Dog - Pepe's Dog & Matt Furie's alter ego"
,,2025-05-22T00:41:56+00:00,nagatogemcalls,204000.0,8199999.999999999,,True,True,"ğŸ”¹ Achievement Unlocked: x40! 

@NagatoGemCalls made a x40+ call on Boochie by Matt.... 

$204K -> $8.2M

ğŸ‘View Call ğŸ“ŠView Stats

ğŸ”¥ TRENDING #2ğŸ”¸
MERL - Limitless growth potential"
,,2025-05-22T00:41:56+00:00,oyugu,1000000.0,8199999.999999999,,True,True,"ğŸ”¹ Achievement Unlocked: x8! 

@oyugu made a x8+ call on Boochie by Matt.... 

$1M -> $8.2M

ğŸ‘View Call ğŸ“ŠView Stats

ğŸ”ŠAd - BabyDog
The bona fide celebrity dog!"
,,2025-05-22T00:41:03+00:00,baseddegengems,542000.0,1700000.0,,True,False,"ğŸŸ£ Achievement Unlocked: x3! ğŸ¤Ÿ

@baseddegengems made a x3+ call on Flipcoin. 

$542K -> $1.7M

ğŸ‘View Call ğŸ“ŠView Stats

ğŸ”¥ TRENDING #1ğŸ”¸
B - Strong growth potential"
,,2025-05-22T00:40:27+00:00,kariusgemscalls,74000.0,181000.0,,True,False,"ğŸŸ£ Achievement Unlocked: x2! âœŒï¸

@kariusgemscalls made a x2+ call on YEEZY TOKEN. 

$74K -> $181K

ğŸ‘View Call ğŸ“ŠView Stats

ğŸ”ŠAd - The Citadel
Citadel: Telegram's top AI community, launching projects to "
,,2025-05-22T00:40:18+00:00,begeneracy,269000.0,1600000.0,,True,True,"ğŸŸ£ Achievement Unlocked: x6! 

@Begeneracy made a x6+ call on Flipcoin. 

$269K -> $1.6M

ğŸ‘View Call ğŸ“ŠView Stats

ğŸ”¥ TRENDING #2ğŸª™
My Curves Are... - My Curves Are Profitable"
,,2025-05-22T00:38:32+00:00,xerodarkcalls,203000.0,8100000.0,,True,True,"ğŸ”¹ Achievement Unlocked: x40! 

@XeroDarkCalls made a x40+ call on Boochie by Matt.... 

$203K -> $8.1M

ğŸ‘View Call ğŸ“ŠView Stats

ğŸ”¥ TRENDING #1ğŸ”µ
noice - Finally a mooner, LFG"
,,2025-05-22T00:38:32+00:00,cryptodeusgems,808000.0,8100000.0,,True,True,"ğŸ”¹ Achievement Unlocked: Pump it up! â›½ï¸

@CryptoDeusGems made a x10+ call on Boochie by Matt.... 

$808K -> $8.1M

ğŸ‘View Call ğŸ“ŠView Stats

ğŸ”¥ TRENDING #2ğŸ”¹
Boochie by Ma... - Strong growth potential"
,,2025-05-22T00:38:31+00:00,marshmellow100xcalls,1200000.0,8100000.0,,True,True,"ğŸ”¹ Achievement Unlocked: x7! 

@Marshmellow100xCalls made a x7+ call on Boochie by Matt.... 

$1.2M -> $8.1M

ğŸ‘View Call ğŸ“ŠView Stats

ğŸ”¥ TRENDING #1ğŸ”¹
Pepes Dog - Pepe's Dog & Matt Furie's alter ego"
,,2025-05-22T00:38:31+00:00,gemboycalls,404000.0,8100000.0,,True,True,"ğŸ”¹ Achievement Unlocked: x20! ğŸ¤˜

@gemboycalls made a x20+ call on Boochie by Matt.... 

$404K -> $8.1M

ğŸ‘View Call ğŸ“ŠView Stats

ğŸ”¥ TRENDING #2ğŸ”¸
MERL - Limitless growth potential"
,,2025-05-22T00:38:19+00:00,doxxedchannel,200000.0,8000000.0,,True,True,"ğŸ”¹ Achievement Unlocked: x40! 

@doxxedchannel made a x40+ call on Boochie by Matt.... 

$200K -> $8M

ğŸ‘View Call ğŸ“ŠView Stats

ğŸ”¥ TRENDING #2ğŸª™
My Curves Are... - My Curves Are Profitable"
,,2025-05-22T00:38:19+00:00,lioliacryptodiary,268000.0,8000000.0,,True,True,"ğŸ”¹ Achievement Unlocked: x30! 

@lioliacryptodiary made a x30+ call on Boochie by Matt.... 

$268K -> $8M

ğŸ‘View Call ğŸ“ŠView Stats

ğŸ”¥ TRENDING #1ğŸ”¸
B - Strong growth potential"
,,2025-05-22T00:37:54+00:00,investergram,267000.0,8000000.0,,True,True,"ğŸ”¹ Achievement Unlocked: x30! 

@Investergram made a x30+ call on Boochie by Matt.... 

$267K -> $8M

ğŸ‘View Call ğŸ“ŠView Stats

ğŸ”¥ TRENDING #1ğŸª™
BOTIFY - Botify - no code platform"
,,2025-05-22T00:36:30+00:00,mooneagle_call,775000.0,7900000.0,,True,True,"ğŸ”¹ Achievement Unlocked: Pump it up! â›½ï¸

@mooneagle_call made a x10+ call on Boochie by Matt.... 

$775K -> $7.9M

ğŸ‘View Call ğŸ“ŠView Stats

ğŸ”¥ TRENDING #2ğŸ”µ
Cookie - Wealth awaits you ğŸ’°"
,,2025-05-22T00:36:30+00:00,avrugs,1900000.0,7900000.0,,True,False,"ğŸ”¹ Achievement Unlocked: x4! ğŸ––

@avrugs made a x4+ call on Boochie by Matt.... 

$1.9M -> $7.9M

ğŸ‘View Call ğŸ“ŠView Stats

ğŸ”¥ TRENDING #1ğŸ”µ
noice - Finally a mooner, LFG"
,,2025-05-22T00:36:29+00:00,degensgems,198000.0,7900000.0,,True,True,"ğŸ”¹ Achievement Unlocked: x40! 

@degensgems made a x40+ call on Boochie by Matt.... 

$198K -> $7.9M

ğŸ‘View Call ğŸ“ŠView Stats

ğŸ”¥ TRENDING #2ğŸ”¹
Boochie by Ma... - Strong growth potential"
,,2025-05-22T00:36:29+00:00,peyosdegenhub,1300000.0,7900000.0,,True,True,"ğŸ”¹ Achievement Unlocked: x6! 

@PEYOSDEGENHUB made a x6+ call on Boochie by Matt.... 

$1.3M -> $7.9M

ğŸ‘View Call ğŸ“ŠView Stats

ğŸ”¥ TRENDING #1ğŸ”¹
Pepes Dog - Pepe's Dog & Matt Furie's alter ego"
,,2025-05-22T00:36:29+00:00,casgems,980000.0,7900000.0,,True,True,"ğŸ”¹ Achievement Unlocked: x8! 

@casgems made a x8+ call on Boochie by Matt.... 

$980K -> $7.9M

ğŸ‘View Call ğŸ“ŠView Stats

ğŸ”¥ TRENDING #2ğŸ”¸
MERL - Limitless growth potential"
,,2025-05-22T00:36:29+00:00,ryoshigamble,774000.0,7900000.0,,True,True,"ğŸ”¹ Achievement Unlocked: Pump it up! â›½ï¸

@ryoshigamble made a x10+ call on Boochie by Matt.... 

$774K -> $7.9M

ğŸ‘View Call ğŸ“ŠView Stats

ğŸ”¥ TRENDING #1ğŸ”¸
B - Strong growth potential"
,,2025-05-22T00:36:29+00:00,mrbigbagcalls,980000.0,7900000.0,,True,True,"ğŸ”¹ Achievement Unlocked: x8! 

@Mrbigbagcalls made a x8+ call on Boochie by Matt.... 

$980K -> $7.9M

ğŸ‘View Call ğŸ“ŠView Stats

ğŸ”¥ TRENDING #2ğŸª™
My Curves Are... - My Curves Are Profitable"
,,2025-05-22T00:36:29+00:00,batman_gem,260000.0,7900000.0,,True,True,"ğŸ”¹ Achievement Unlocked: x30! 

@batman_gem made a x30+ call on Boochie by Matt.... 

$260K -> $7.9M

ğŸ‘View Call ğŸ“ŠView Stats

ğŸ”¥ TRENDING #1ğŸª™
BOTIFY - Botify - no code platform"
,,2025-05-22T00:36:28+00:00,crypto_worker_call,777000.0,7900000.0,,True,True,"ğŸ”¹ Achievement Unlocked: Pump it up! â›½ï¸

@crypto_worker_call made a x10+ call on Boochie by Matt.... 

$777K -> $7.9M

ğŸ‘View Call ğŸ“ŠView Stats

ğŸ”¥ TRENDING #2ğŸ”µ
Cookie - Wealth awaits you ğŸ’°"
,,2025-05-22T00:36:28+00:00,dev_blackk,385000.0,7900000.0,,True,True,"ğŸ”¹ Achievement Unlocked: x20! ğŸ¤˜

@Dev_Blackk made a x20+ call on Boochie by Matt.... 

$385K -> $7.9M

ğŸ‘View Call ğŸ“ŠView Stats

ğŸ”ŠAd - $YIELTRA
ğŸ”¥ Real passive income with $Yieltra"
,,2025-05-22T00:35:07+00:00,ash_calls,976000.0,7800000.0,,True,True,"ğŸ”¹ Achievement Unlocked: x8! 

@Ash_Calls made a x8+ call on Boochie by Matt.... 

$976K -> $7.8M

ğŸ‘View Call ğŸ“ŠView Stats

ğŸ”¥ TRENDING #1ğŸ”µ
noice - Finally a mooner, LFG"
,,2025-05-22T00:30:07+00:00,marksgems,72000.0,148000.0,,True,False,"ğŸŸ£ Achievement Unlocked: x2! âœŒï¸

@MarksGems made a x2+ call on My Curves Are P.... 

$72K -> $148K

ğŸ‘View Call ğŸ“ŠView Stats

ğŸ”¥ TRENDING #2ğŸ”¸
MERL - Limitless growth potential"
,,2025-05-22T00:28:46+00:00,maybac_whales,5000000.0,35000000.0,,True,True,"ğŸ”¸ Achievement Unlocked: x7! 

@maybac_whales made a x7+ call on CrypstocksAI. 

$5M -> $35M

ğŸ‘View Call ğŸ“ŠView Stats

ğŸ”ŠAd - The Citadel
Citadel: Telegram's top AI community, launching projects to benef"
,,2025-05-22T00:28:38+00:00,faycalldegen,23000.0,145000.0,,True,True,"ğŸŸ£ Achievement Unlocked: x6! 

@faycalldegen made a x6+ call on bitty. 

$23K -> $145K

ğŸ‘View Call ğŸ“ŠView Stats

ğŸ”¥ TRENDING #1ğŸ”¸
B - Strong growth potential"
,,2025-05-22T00:27:57+00:00,faycalldegen,23000.0,125000.0,,True,True,"ğŸŸ£ Achievement Unlocked: x5! ğŸ‘‹

@faycalldegen made a x5+ call on bitty. 

$23K -> $125K

ğŸ‘View Call ğŸ“ŠView Stats

ğŸ”ŠAd - Boochie
The next pepe"
,,2025-05-22T00:27:53+00:00,faycalldegen,23000.0,111000.0,,True,False,"ğŸŸ£ Achievement Unlocked: x4! ğŸ––

@faycalldegen made a x4+ call on bitty. 

$23K -> $111K

ğŸ‘View Call ğŸ“ŠView Stats

ğŸ”¥ TRENDING #2ğŸª™
My Curves Are... - My Curves Are Profitable"
,,2025-05-22T00:22:28+00:00,mitchgemsgambles,95000.0,808000.0,,True,True,"ğŸŸ£ Achievement Unlocked: x8! 

@MitchGemsGambles made a x8+ call on MUT8 Virus. 

$95K -> $808K

ğŸ‘View Call ğŸ“ŠView Stats

ğŸ”¥ TRENDING #1ğŸª™
BOTIFY - Botify - no code platform"
,,2025-05-22T00:19:28+00:00,marksgems,23000.0,237000.0,,True,True,"ğŸŸ£ Achievement Unlocked: x9! 

@MarksGems made a x9+ call on Imaginary Girlf.... 

$23K -> $237K

ğŸ‘View Call ğŸ“ŠView Stats

ğŸ”¥ TRENDING #2ğŸ”µ
Cookie - Wealth awaits you ğŸ’°"
,,2025-05-22T00:19:28+00:00,marksgems,23000.0,237000.0,,True,True,"ğŸŸ£ Achievement Unlocked: Pump it up! â›½ï¸

@MarksGems made a x10+ call on Imaginary Girlf.... 

$23K -> $237K

ğŸ‘View Call ğŸ“ŠView Stats

ğŸ”¥ TRENDING #1ğŸ”µ
noice - Finally a mooner, LFG"
,,2025-05-22T00:19:27+00:00,cryptodeusgems,110000.0,237000.0,,True,False,"ğŸŸ£ Achievement Unlocked: x2! âœŒï¸

@CryptoDeusGems made a x2+ call on Imaginary Girlf.... 

$110K -> $237K

ğŸ‘View Call ğŸ“ŠView Stats

ğŸ”ŠAd - $YIELTRA
ğŸ”¥ Real passive income with $Yieltra"
,,2025-05-22T00:18:37+00:00,hellsinggamble,89000.0,450000.0,,True,True,"ğŸ”¸ Achievement Unlocked: x5! ğŸ‘‹

@HellsingGamble made a x5+ call on USD1DOGE. 

$89K -> $450K

ğŸ‘View Call ğŸ“ŠView Stats

ğŸ”¥ TRENDING #2ğŸ”¹
Boochie by Ma... - Strong growth potential"
,,2025-05-22T00:18:37+00:00,jeetycall,89000.0,450000.0,,True,True,"ğŸ”¸ Achievement Unlocked: x5! ğŸ‘‹

@JeetyCall made a x5+ call on USD1DOGE. 

$89K -> $450K

ğŸ‘View Call ğŸ“ŠView Stats

ğŸ”ŠAd - BabyDog
The bona fide celebrity dog!"
,,2025-05-22T00:16:57+00:00,apewizardcalls,44000.0,93000.0,,True,False,"ğŸ”¹ Achievement Unlocked: x2! âœŒï¸

@ApeWizardCalls made a x2+ call on NovaQ. 

$44K -> $93K

ğŸ‘View Call ğŸ“ŠView Stats

ğŸ”¥ TRENDING #2ğŸ”¸
MERL - Limitless growth potential"
,,2025-05-22T00:16:57+00:00,topcallerschannel,44000.0,93000.0,,True,False,"ğŸ”¹ Achievement Unlocked: x2! âœŒï¸

@TopCallersChannel made a x2+ call on NovaQ. 

$44K -> $93K

ğŸ‘View Call ğŸ“ŠView Stats

ğŸ”¥ TRENDING #1ğŸ”¸
B - Strong growth potential"
,,2025-05-22T00:16:56+00:00,centralhub_news,44000.0,93000.0,,True,False,"ğŸ”¹ Achievement Unlocked: x2! âœŒï¸

@CentralHub_News made a x2+ call on NovaQ. 

$44K -> $93K

ğŸ‘View Call ğŸ“ŠView Stats

ğŸ”¥ TRENDING #2ğŸª™
My Curves Are... - My Curves Are Profitable"
,,2025-05-22T00:16:17+00:00,joesgems3,233000.0,481000.0,,True,False,"ğŸŸ£ Achievement Unlocked: x2! âœŒï¸

@joesgems3 made a x2+ call on BITCORN. 

$233K -> $481K

ğŸ‘View Call ğŸ“ŠView Stats

ğŸ”ŠAd - Boochie
The next pepe"
,,2025-05-22T00:15:43+00:00,marksgems,46000.0,102000.0,,True,False,"ğŸŸ£ Achievement Unlocked: x2! âœŒï¸

@MarksGems made a x2+ call on Alpaca. 

$46K -> $102K

ğŸ‘View Call ğŸ“ŠView Stats

ğŸ”¥ TRENDING #1ğŸª™
BOTIFY - Botify - no code platform"
,,2025-05-22T00:12:43+00:00,wjale,89000.0,184000.0,,True,False,"ğŸŸ£ Achievement Unlocked: x2! âœŒï¸

@WJALE made a x2+ call on Imaginary Girlf.... 

$89K -> $184K

ğŸ‘View Call ğŸ“ŠView Stats

ğŸ”¥ TRENDING #2ğŸ”µ
Cookie - Wealth awaits you ğŸ’°"
,,2025-05-22T00:12:43+00:00,marksgems,23000.0,184000.0,,True,True,"ğŸŸ£ Achievement Unlocked: x7! 

@MarksGems made a x7+ call on Imaginary Girlf.... 

$23K -> $184K

ğŸ‘View Call ğŸ“ŠView Stats

ğŸ”ŠAd - $YIELTRA
ğŸ”¥ Real passive income with $Yieltra"
,,2025-05-22T00:12:28+00:00,marksgems,23000.0,143000.0,,True,True,"ğŸŸ£ Achievement Unlocked: x6! 

@MarksGems made a x6+ call on Imaginary Girlf.... 

$23K -> $143K

ğŸ‘View Call ğŸ“ŠView Stats

ğŸ”¥ TRENDING #1ğŸ”µ
noice - Finally a mooner, LFG"
,,2025-05-22T00:11:23+00:00,apollo_degen_calls,66000.0,135000.0,,True,False,"ğŸŸ£ Achievement Unlocked: x2! âœŒï¸

@APOLLO_DEGEN_CALLS made a x2+ call on My Curves Are P.... 

$66K -> $135K

ğŸ‘View Call ğŸ“ŠView Stats

ğŸ”¥ TRENDING #2ğŸ”¹
Boochie by Ma... - Strong growth potential"
,,2025-05-22T00:11:23+00:00,vortex_gamble,67000.0,135000.0,,True,False,"ğŸŸ£ Achievement Unlocked: x2! âœŒï¸

@Vortex_Gamble made a x2+ call on My Curves Are P.... 

$67K -> $135K

ğŸ‘View Call ğŸ“ŠView Stats

ğŸ”¥ TRENDING #1ğŸ”¹
Pepes Dog - Pepe's Dog & Matt Furie's alter ego"
,,2025-05-22T00:11:17+00:00,animegems,290000.0,596000.0,,True,False,"ğŸ”¹ Achievement Unlocked: x2! âœŒï¸

@AnimeGems made a x2+ call on Pepes Dog. 

$290K -> $596K

ğŸ‘View Call ğŸ“ŠView Stats

ğŸ”ŠAd - BabyDog
The bona fide celebrity dog!"
,,2025-05-22T00:06:43+00:00,kariusgemscalls,102000.0,221000.0,,True,False,"ğŸŸ£ Achievement Unlocked: x2! âœŒï¸

@kariusgemscalls made a x2+ call on Lawyer of the U.... 

$102K -> $221K

ğŸ‘View Call ğŸ“ŠView Stats

ğŸ”¥ TRENDING #2ğŸ”¸
MERL - Limitless growth potential"
,,2025-05-22T00:06:28+00:00,chapoinsider,57000.0,176000.0,,True,False,"ğŸŸ£ Achievement Unlocked: x3! ğŸ¤Ÿ

@ChapoInsider made a x3+ call on OAKI WORLD. 

$57K -> $176K

ğŸ‘View Call ğŸ“ŠView Stats

ğŸ”ŠAd - The Citadel
Citadel: Telegram's top AI community, launching projects to benef"
,,2025-05-22T00:02:23+00:00,marksgems,23000.0,116000.0,,True,True,"ğŸŸ£ Achievement Unlocked: x5! ğŸ‘‹

@MarksGems made a x5+ call on Imaginary Girlf.... 

$23K -> $116K

ğŸ‘View Call ğŸ“ŠView Stats

ğŸ”¥ TRENDING #1ğŸ”¸
B - Strong growth potential"
,,2025-05-22T00:01:42+00:00,marksgems,23000.0,93000.0,,True,False,"ğŸŸ£ Achievement Unlocked: x4! ğŸ––

@MarksGems made a x4+ call on Imaginary Girlf.... 

$23K -> $93K

ğŸ‘View Call ğŸ“ŠView Stats

ğŸ”ŠAd - Boochie
The next pepe"
,,2025-05-22T00:00:03+00:00,crikeycallz,47000.0,441000.0,,True,True,"ğŸŸ£ Achievement Unlocked: x9! 

@CrikeyCallz made a x9+ call on Orange is the n.... 

$47K -> $441K

ğŸ‘View Call ğŸ“ŠView Stats

ğŸ”¥ TRENDING #2ğŸª™
My Curves Are... - My Curves Are Profitable"
,,2025-05-22T00:00:03+00:00,marksgems,84000.0,441000.0,,True,True,"ğŸŸ£ Achievement Unlocked: x5! ğŸ‘‹

@MarksGems made a x5+ call on Orange is the n.... 

$84K -> $441K

ğŸ‘View Call ğŸ“ŠView Stats

ğŸ”¥ TRENDING #1ğŸª™
BOTIFY - Botify - no code platform"
,,2025-05-22T00:00:03+00:00,kariusgemscalls,57000.0,441000.0,,True,True,"ğŸŸ£ Achievement Unlocked: x7! 

@kariusgemscalls made a x7+ call on Orange is the n.... 

$57K -> $441K

ğŸ‘View Call ğŸ“ŠView Stats

ğŸ”¥ TRENDING #2ğŸ”µ
Cookie - Wealth awaits you ğŸ’°"
,,2025-05-22T00:00:02+00:00,chapoinsider,130000.0,441000.0,,True,False,"ğŸŸ£ Achievement Unlocked: x3! ğŸ¤Ÿ

@ChapoInsider made a x3+ call on Orange is the n.... 

$130K -> $441K

ğŸ‘View Call ğŸ“ŠView Stats

ğŸ”ŠAd - Boochie by Matt Furie
From Matt's book the Cortex Vortex"
,,2025-05-21T23:59:48+00:00,crikeycallz,47000.0,329000.0,,True,True,"ğŸŸ£ Achievement Unlocked: x7! 

@CrikeyCallz made a x7+ call on Orange is the n.... 

$47K -> $329K

ğŸ‘View Call ğŸ“ŠView Stats

ğŸ”¥ TRENDING #1ğŸ”¹
Pepes Dog - Pepe's Dog & Matt Furie's alter ego"
,,2025-05-21T23:59:48+00:00,kariusgemscalls,57000.0,329000.0,,True,True,"ğŸŸ£ Achievement Unlocked: x5! ğŸ‘‹

@kariusgemscalls made a x5+ call on Orange is the n.... 

$57K -> $329K

ğŸ‘View Call ğŸ“ŠView Stats

ğŸ”¥ TRENDING #2ğŸ”¹
Boochie by Ma... - Strong growth potential"
,,2025-05-21T23:59:38+00:00,chapoinsider,130000.0,260000.0,,True,False,"ğŸŸ£ Achievement Unlocked: x2! âœŒï¸

@ChapoInsider made a x2+ call on Orange is the n.... 

$130K -> $260K

ğŸ‘View Call ğŸ“ŠView Stats

ğŸ”¥ TRENDING #1ğŸ”¸
B - Strong growth potential"
,,2025-05-21T23:59:38+00:00,kariusgemscalls,57000.0,260000.0,,True,False,"ğŸŸ£ Achievement Unlocked: x4! ğŸ––

@kariusgemscalls made a x4+ call on Orange is the n.... 

$57K -> $260K

ğŸ‘View Call ğŸ“ŠView Stats

ğŸ”¥ TRENDING #2ğŸ”¸
MERL - Limitless growth potential"
,,2025-05-21T23:59:38+00:00,marksgems,84000.0,260000.0,,True,False,"ğŸŸ£ Achievement Unlocked: x3! ğŸ¤Ÿ

@MarksGems made a x3+ call on Orange is the n.... 

$84K -> $260K

ğŸ‘View Call ğŸ“ŠView Stats

ğŸ”¥ TRENDING #2ğŸª™
My Curves Are... - My Curves Are Profitable"
,,2025-05-21T23:59:37+00:00,crikeycallz,47000.0,260000.0,,True,True,"ğŸŸ£ Achievement Unlocked: x5! ğŸ‘‹

@CrikeyCallz made a x5+ call on Orange is the n.... 

$47K -> $260K

ğŸ‘View Call ğŸ“ŠView Stats

ğŸ”¥ TRENDING #1ğŸª™
BOTIFY - Botify - no code platform"
,,2025-05-21T23:57:13+00:00,kariusgemscalls,57000.0,122000.0,,True,False,"ğŸŸ£ Achievement Unlocked: x2! âœŒï¸

@kariusgemscalls made a x2+ call on Orange is the n.... 

$57K -> $122K

ğŸ‘View Call ğŸ“ŠView Stats

ğŸ”ŠAd - BabyDog
The bona fide celebrity dog!"
,,2025-05-21T23:55:54+00:00,apewizardgambles,44000.0,87000.0,,False,False,"ğŸ”¹ Achievement Unlocked: Back with a bang! ğŸ’¥

After a few days of no calls, @ApewizardGambles made a x2+ call on NovaQ. 

$44K -> $87K

ğŸ‘View Call ğŸ“ŠView Stats

ğŸ”¥ TRENDING #1ğŸ”¸
B - Strong growth potentia"
,,2025-05-21T23:55:54+00:00,apewizardgambles,44000.0,87000.0,,False,False,"ğŸ”¹ Achievement Unlocked: x2! âœŒï¸

@ApewizardGambles made a x2+ call on NovaQ. 

$44K -> $87K

ğŸ‘View Call ğŸ“ŠView Stats

ğŸ”¥ TRENDING #2ğŸª™
My Curves Are... - My Curves Are Profitable"
,,2025-05-21T23:51:23+00:00,insider_eca,75000.0,231000.0,,True,False,"ğŸŸ£ Achievement Unlocked: x3! ğŸ¤Ÿ

@Insider_ECA made a x3+ call on Trump Bitcoin P.... 

$75K -> $231K

ğŸ‘View Call ğŸ“ŠView Stats

ğŸ”¥ TRENDING #1ğŸ”¹
Pepes Dog - Pepe's Dog & Matt Furie's alter ego"
,,2025-05-21T23:36:50+00:00,marksgems,70000.0,1400000.0,,True,True,"ğŸ”¸ Achievement Unlocked: x20! ğŸ¤˜

@MarksGems made a x20+ call on Feed Broccoli. 

$70K -> $1.4M

ğŸ‘View Call ğŸ“ŠView Stats

ğŸ”ŠAd - BabyDog
The bona fide celebrity dog!"
,,2025-05-21T23:19:13+00:00,michiosuzukiofsatoshicalls,74000.0,226000.0,,True,False,"ğŸŸ£ Achievement Unlocked: x3! ğŸ¤Ÿ

@michiosuzukiofsatoshicalls made a x3+ call on Solana Transmit.... 

$74K -> $226K

ğŸ‘View Call ğŸ“ŠView Stats

ğŸ”¥ TRENDING #2ğŸª™
My Curves Are... - My Curves Are Profitable"
,,2025-05-21T23:18:03+00:00,crikeycallz,41000.0,216000.0,,True,True,"ğŸŸ£ Achievement Unlocked: x5! ğŸ‘‹

@CrikeyCallz made a x5+ call on Solana Transmit.... 

$41K -> $216K

ğŸ‘View Call ğŸ“ŠView Stats

ğŸ”ŠAd - Boochie
The next pepe"
,,2025-05-21T23:17:45+00:00,topcallerschannel,745000.0,7700000.0,,True,True,"ğŸ”¹ Achievement Unlocked: Pump it up! â›½ï¸

@TopCallersChannel made a x10+ call on Boochie by Matt.... 

$745K -> $7.7M

ğŸ‘View Call ğŸ“ŠView Stats

ğŸ”¥ TRENDING #1ğŸª™
BOTIFY - Botify - no code platform"
,,2025-05-21T23:17:45+00:00,cntokenchannel,851000.0,7700000.0,,True,True,"ğŸ”¹ Achievement Unlocked: x9! 

@CNTokenChannel made a x9+ call on Boochie by Matt.... 

$851K -> $7.7M

ğŸ‘View Call ğŸ“ŠView Stats

ğŸ”¥ TRENDING #2ğŸ”µ
Cookie - Wealth awaits you ğŸ’°"
,,2025-05-21T23:17:45+00:00,ethafterdark,256000.0,7700000.0,,True,True,"ğŸ”¹ Achievement Unlocked: x30! 

@ethafterdark made a x30+ call on Boochie by Matt.... 

$256K -> $7.7M

ğŸ‘View Call ğŸ“ŠView Stats

ğŸ”¥ TRENDING #1ğŸ”µ
noice - Finally a mooner, LFG"
,,2025-05-21T23:17:45+00:00,kweensjournal,759000.0,7700000.0,,True,True,"ğŸ”¹ Achievement Unlocked: Pump it up! â›½ï¸

@kweensjournal made a x10+ call on Boochie by Matt.... 

$759K -> $7.7M

ğŸ‘View Call ğŸ“ŠView Stats

ğŸ”¥ TRENDING #2ğŸ”¹
Boochie by Ma... - Strong growth potential"
,,2025-05-21T23:17:45+00:00,centralhub_news,954000.0,7700000.0,,True,True,"ğŸ”¹ Achievement Unlocked: x8! 

@CentralHub_News made a x8+ call on Boochie by Matt.... 

$954K -> $7.7M

ğŸ‘View Call ğŸ“ŠView Stats

ğŸ”¥ TRENDING #1ğŸ”¹
Island Froget... - New Matt Furie Runner"
,,2025-05-21T23:17:45+00:00,cryptoo_coffee,845000.0,7700000.0,,True,True,"ğŸ”¹ Achievement Unlocked: x9! 

@cryptoo_coffee made a x9+ call on Boochie by Matt.... 

$845K -> $7.7M

ğŸ‘View Call ğŸ“ŠView Stats

ğŸ”¥ TRENDING #2ğŸ”¸
MERL - Limitless growth potential"
,,2025-05-21T23:17:45+00:00,michacalls,192000.0,7700000.0,,True,True,"ğŸ”¹ Achievement Unlocked: x40! 

@michacalls made a x40+ call on Boochie by Matt.... 

$192K -> $7.7M

ğŸ‘View Call ğŸ“ŠView Stats

ğŸ”¥ TRENDING #1ğŸ”¸
B - Strong growth potential"
,,2025-05-21T23:17:32+00:00,thecallercrosschain,757000.0,7700000.0,,True,True,"ğŸ”¹ Achievement Unlocked: Pump it up! â›½ï¸

@thecallercrosschain made a x10+ call on Boochie by Matt.... 

$757K -> $7.7M

ğŸ‘View Call ğŸ“ŠView Stats

ğŸ”ŠAd - Boochie by Matt Furie
From Matt's book the Cortex V"
,,2025-05-21T23:16:33+00:00,twosiccspiccs,194000.0,584000.0,,True,False,"ğŸŸ£ Achievement Unlocked: x3! ğŸ¤Ÿ

@TWOSICCsPICCs made a x3+ call on Snark Health. 

$194K -> $584K

ğŸ‘View Call ğŸ“ŠView Stats

ğŸ”¥ TRENDING #2ğŸª™
My Curves Are... - My Curves Are Profitable"
,,2025-05-21T23:15:06+00:00,vortex_gamble,1200000.0,7400000.0,,True,True,"ğŸ”¹ Achievement Unlocked: x6! 

@Vortex_Gamble made a x6+ call on Boochie by Matt.... 

$1.2M -> $7.4M

ğŸ‘View Call ğŸ“ŠView Stats

ğŸ”¥ TRENDING #1ğŸª™
BOTIFY - Botify - no code platform"
,,2025-05-21T23:15:06+00:00,principalcalls,1100000.0,7400000.0,,True,True,"ğŸ”¹ Achievement Unlocked: x7! 

@PrincipalCalls made a x7+ call on Boochie by Matt.... 

$1.1M -> $7.4M

ğŸ‘View Call ğŸ“ŠView Stats

ğŸ”¥ TRENDING #1ğŸ”µ
noice - Finally a mooner, LFG"
,,2025-05-21T23:15:05+00:00,levisaipha,1000000.0,7400000.0,,True,True,"ğŸ”¹ Achievement Unlocked: x7! 

@LevisAIpha made a x7+ call on Boochie by Matt.... 

$1M -> $7.4M

ğŸ‘View Call ğŸ“ŠView Stats

ğŸ”¥ TRENDING #2ğŸ”µ
Cookie - Wealth awaits you ğŸ’°"
,,2025-05-21T23:10:03+00:00,predatorcallseth,228000.0,466000.0,,True,False,"ğŸŸ£ Achievement Unlocked: x2! âœŒï¸

@predatorcallseth made a x2+ call on Can you turn th.... 

$228K -> $466K

ğŸ‘View Call ğŸ“ŠView Stats

ğŸ”¥ TRENDING #2ğŸ”¹
Boochie by Ma... - Strong growth potential"
,,2025-05-21T23:09:47+00:00,niksgambles,165000.0,504000.0,,True,False,"ğŸŸ£ Achievement Unlocked: x3! ğŸ¤Ÿ

@NiksGambles made a x3+ call on Snark Health. 

$165K -> $504K

ğŸ‘View Call ğŸ“ŠView Stats

ğŸ”ŠAd - The Citadel
Citadel: Telegram's top AI community, launching projects to ben"
,,2025-05-21T23:08:42+00:00,charlescalls,1000000.0,7300000.0,,True,True,"ğŸ”¹ Achievement Unlocked: x7! 

@CharlesCalls made a x7+ call on Boochie by Matt.... 

$1M -> $7.3M

ğŸ‘View Call ğŸ“ŠView Stats

ğŸ”¥ TRENDING #1ğŸ”¹
Island Froget... - New Matt Furie Runner"
,,2025-05-21T23:06:23+00:00,poseidon_degen_calls,194000.0,782000.0,,True,False,"ğŸŸ£ Achievement Unlocked: x4! ğŸ––

@POSEIDON_DEGEN_CALLS made a x4+ call on Vagina Penis Ne.... 

$194K -> $782K

ğŸ‘View Call ğŸ“ŠView Stats

ğŸ”ŠAd - Boochie
The next pepe"
,,2025-05-21T23:03:38+00:00,kobecalls,32000.0,199000.0,,True,True,"ğŸŸ£ Achievement Unlocked: x6! 

@kobecalls made a x6+ call on Solana Transmit.... 

$32K -> $199K

ğŸ‘View Call ğŸ“ŠView Stats

ğŸ”ŠAd - Boochie by Matt Furie
From Matt's book the Cortex Vortex"
,,2025-05-21T23:03:08+00:00,kariusgemscalls,63000.0,190000.0,,True,False,"ğŸŸ£ Achievement Unlocked: x3! ğŸ¤Ÿ

@kariusgemscalls made a x3+ call on Solana Transmit.... 

$63K -> $190K

ğŸ‘View Call ğŸ“ŠView Stats

ğŸ”¥ TRENDING #1ğŸ”¸
B - Strong growth potential"
,,2025-05-21T23:01:33+00:00,crikeycallz,41000.0,165000.0,,True,False,"ğŸŸ£ Achievement Unlocked: x4! ğŸ––

@CrikeyCallz made a x4+ call on Solana Transmit.... 

$41K -> $165K

ğŸ‘View Call ğŸ“ŠView Stats

ğŸ”¥ TRENDING #2ğŸª™
My Curves Are... - My Curves Are Profitable"
,,2025-05-21T23:01:33+00:00,kobecalls,32000.0,165000.0,,True,True,"ğŸŸ£ Achievement Unlocked: x5! ğŸ‘‹

@kobecalls made a x5+ call on Solana Transmit.... 

$32K -> $165K

ğŸ‘View Call ğŸ“ŠView Stats

ğŸ”¥ TRENDING #1ğŸª™
BOTIFY - Botify - no code platform"
,,2025-05-21T23:01:29+00:00,alphaartemisscall,177000.0,7300000.0,,True,True,"ğŸ”¹ Achievement Unlocked: x40! 

@AlphaArtemissCall made a x40+ call on Boochie by Matt.... 

$177K -> $7.3M

ğŸ‘View Call ğŸ“ŠView Stats

ğŸ”¥ TRENDING #1ğŸ”µ
noice - Finally a mooner, LFG"
,,2025-05-21T23:01:28+00:00,oyugu,1000000.0,7300000.0,,True,True,"ğŸ”¹ Achievement Unlocked: x7! 

@oyugu made a x7+ call on Boochie by Matt.... 

$1M -> $7.3M

ğŸ‘View Call ğŸ“ŠView Stats

ğŸ”¥ TRENDING #2ğŸ”µ
Cookie - Wealth awaits you ğŸ’°"
,,2025-05-21T23:01:28+00:00,cryptodeusgems,808000.0,7300000.0,,True,True,"ğŸ”¹ Achievement Unlocked: x9! 

@CryptoDeusGems made a x9+ call on Boochie by Matt.... 

$808K -> $7.3M

ğŸ‘View Call ğŸ“ŠView Stats

ğŸ”¥ TRENDING #1ğŸ”¹
Island Froget... - New Matt Furie Runner"
,,2025-05-21T23:01:28+00:00,millionsgems,180000.0,7300000.0,,True,True,"ğŸ”¹ Achievement Unlocked: x40! 

@millionsgems made a x40+ call on Boochie by Matt.... 

$180K -> $7.3M

ğŸ‘View Call ğŸ“ŠView Stats

ğŸ”¥ TRENDING #2ğŸ”¹
Boochie by Ma... - Strong growth potential"
,,2025-05-21T23:01:28+00:00,mrstealthgems,353000.0,7300000.0,,True,True,"ğŸ”¹ Achievement Unlocked: x20! ğŸ¤˜

@MrStealthGems made a x20+ call on Boochie by Matt.... 

$353K -> $7.3M

ğŸ‘View Call ğŸ“ŠView Stats

ğŸ”¥ TRENDING #1ğŸ”¸
B - Strong growth potential"
,,2025-05-21T23:01:28+00:00,chinacryptocrosschainsnetwork,181000.0,7300000.0,,True,True,"ğŸ”¹ Achievement Unlocked: x40! 

@CHINACRYPTOCROSSCHAINSNETWORK made a x40+ call on Boochie by Matt.... 

$181K -> $7.3M

ğŸ‘View Call ğŸ“ŠView Stats

ğŸ”¥ TRENDING #2ğŸ”¸
MERL - Limitless growth potential"
,,2025-05-21T23:00:18+00:00,himarscalls,229000.0,472000.0,,True,False,"ğŸŸ£ Achievement Unlocked: x2! âœŒï¸

@HIMARSCALLS made a x2+ call on Snark Health. 

$229K -> $472K

ğŸ‘View Call ğŸ“ŠView Stats

ğŸ”¥ TRENDING #2ğŸª™
My Curves Are... - My Curves Are Profitable"
,,2025-05-21T22:59:54+00:00,animegems,32000.0,197000.0,,True,True,"ğŸ”¹ Achievement Unlocked: x6! 

@AnimeGems made a x6+ call on Cortex Vortex b.... 

$32K -> $197K

ğŸ‘View Call ğŸ“ŠView Stats

ğŸ”¥ TRENDING #1ğŸª™
BOTIFY - Botify - no code platform"
,,2025-05-21T22:59:54+00:00,pawgems,2300000.0,7100000.0,,True,False,"ğŸ”¹ Achievement Unlocked: x3! ğŸ¤Ÿ

@Pawgems made a x3+ call on Boochie by Matt.... 

$2.3M -> $7.1M

ğŸ‘View Call ğŸ“ŠView Stats

ğŸ”ŠAd - The Citadel
Citadel: Telegram's top AI community, launching projects to b"
,,2025-05-21T22:58:41+00:00,ryoshigamble,774000.0,7000000.0,,True,True,"ğŸ”¹ Achievement Unlocked: x9! 

@ryoshigamble made a x9+ call on Boochie by Matt.... 

$774K -> $7M

ğŸ‘View Call ğŸ“ŠView Stats

ğŸ”¥ TRENDING #2ğŸ”¹
Boochie by Ma... - Strong growth potential"
,,2025-05-21T22:58:41+00:00,marshmellow100xcalls,1200000.0,7000000.0,,True,True,"ğŸ”¹ Achievement Unlocked: x6! 

@Marshmellow100xCalls made a x6+ call on Boochie by Matt.... 

$1.2M -> $7M

ğŸ‘View Call ğŸ“ŠView Stats

ğŸ”¥ TRENDING #1ğŸ”µ
noice - Finally a mooner, LFG"
,,2025-05-21T22:58:41+00:00,crypto_worker_call,777000.0,7000000.0,,True,True,"ğŸ”¹ Achievement Unlocked: x9! 

@crypto_worker_call made a x9+ call on Boochie by Matt.... 

$777K -> $7M

ğŸ‘View Call ğŸ“ŠView Stats

ğŸ”¥ TRENDING #1ğŸ”¹
Island Froget... - New Matt Furie Runner"
,,2025-05-21T22:58:41+00:00,liltoshigems,1700000.0,7000000.0,,True,False,"ğŸ”¹ Achievement Unlocked: x4! ğŸ––

@Liltoshigems made a x4+ call on Boochie by Matt.... 

$1.7M -> $7M

ğŸ‘View Call ğŸ“ŠView Stats

ğŸ”¥ TRENDING #2ğŸ”¸
MERL - Limitless growth potential"
,,2025-05-21T22:58:40+00:00,mooneagle_call,775000.0,7000000.0,,True,True,"ğŸ”¹ Achievement Unlocked: x9! 

@mooneagle_call made a x9+ call on Boochie by Matt.... 

$775K -> $7M

ğŸ‘View Call ğŸ“ŠView Stats

ğŸ”ŠAd - Boochie
The next pepe"
,,2025-05-21T22:57:03+00:00,twosiccspiccs,194000.0,397000.0,,True,False,"ğŸŸ£ Achievement Unlocked: x2! âœŒï¸

@TWOSICCsPICCs made a x2+ call on Snark Health. 

$194K -> $397K

ğŸ‘View Call ğŸ“ŠView Stats

ğŸ”¥ TRENDING #1ğŸ”¸
B - Strong growth potential"
